artigoEmPeriodico	 	2021	2525-8761	http://dx.doi.org/10.34117/bjdv7n1-500	Aplicação da Análise de Pareto através de um experimento fatorial para o coeficiente de capabilidade (Cdl*) ? um estudo de caso relacionado à grandeza torque	Brazilian Journal of Development	Oliveira, José Eduardo ; OLIVEIRA, CARLOS AUGUSTO NASCIMENTO ; OLIVEIRA, S. T. ; SOARES, A. M. F. ; OLIVEIRA, E. J. A. ; SILVA, N. G. ; ARAUJO, R. P.		
artigoEmPeriodico	 	2021	0022-4596	http://dx.doi.org/10.1016/j.jssc.2020.121916	Novel luminescent calixarene-based lanthanide materials: From synthesis and characterization to the selective detection of Fe3+	JOURNAL OF SOLID STATE CHEMISTRY	SILVA LINS, ILÁRIA MARTINA ; DANIEL DA SILVA FONSECA, JOSÉ ; LOURENÇO DA LUZ, LEONIS ; CHOJNACKI, JAROS'AW ; Júnior, Severino Alves ; BARROS, BRÁULIO SILVA ; KULESZA, JOANNA		
artigoEmPeriodico	 	2021	0268-3768	http://dx.doi.org/10.1007/s00170-020-06418-z	Banding and microstructural features in laser cladding of a 304 substrate using 316 powder	INTERNATIONAL JOURNAL OF ADVANCED MANUFACTURING TECHNOLOGY	TORRES, EDWAR A. ; APOLINARIO, LUIS H. R. ; ARAUJO, HELEN R. ; PICCHI, IVAN B. M. ; SANTOS, TIAGO F. A.		
artigoEmPeriodico	 	2020	1687-8442	http://dx.doi.org/10.1155/2020/6907834	Durability of Concrete Structures with Sugar Cane Bagasse Ash	ADVANCES IN MATERIALS SCIENCE AND ENGINEERING (ONLINE)	BERENGUER, R. ; LIMA, N. ; VALDÉS, A. C. ; MEDEIROS, M. H. F. ; Lima, N. B. D. ; DELGADO, J. M. P. Q. ; SILVA, F. A. N. ; AZEVEDO, A. C. ; GUIMARÃES, A. S. ; RANGEL, B.		
artigoEmPeriodico	 	2020	0958-9465	http://dx.doi.org/10.1016/j.cemconcomp.2020.103848	The role of hydrogen bonds on the mechanical properties of cement-based mortars applied to concrete surfaces	CEMENT & CONCRETE COMPOSITES	Berenguer, R. A. ; Lima, N. B. ; Lima, V. E. ; Estolano, A. M. ; Povoas Y. ; LIMA, NATHALIA B.D.		
artigoEmPeriodico	 	2020	2525-3409	http://dx.doi.org/10.33448/rsd-v9i3.2695	Reuse of rigid polyurethane foam waste in a thermoplastic polyurethane matrix	Research, Society and Development	CARMO, K. M. ; SILVA, M. C. ; MORELLI, C. L.		
artigoEmPeriodico	 	2020	0254-0584	http://dx.doi.org/10.1016/j.matchemphys.2019.122296	Study of microbiologically induced corrosion of 5052 aluminum alloy by sulfate-reducing bacteria in seawater	MATERIALS CHEMISTRY AND PHYSICS	DE ANDRADE, JÉSSICA SIMÕES ; VIEIRA, MAGDA ROSÂNGELA SANTOS ; OLIVEIRA, SARA HORÁCIO ; DE MELO SANTOS, SUSEANNE KEDMA ; URTIGA FILHO, SEVERINO LEOPOLDINO		
artigoEmPeriodico	 	2020	0268-3768	http://dx.doi.org/10.1007/s00170-020-05343-5	Investigation of transverse shrinkage and angular distortion caused by hybrid laser-arc welding	INTERNATIONAL JOURNAL OF ADVANCED MANUFACTURING TECHNOLOGY	FERNANDES, CAMILA ALBUQUERQUE ; DO VALE, NATÁLIA LOPES ; DE ABREU SANTOS, TIAGO FELIPE ; URTIGA FILHO, SEVERINO LEOPOLDINO		
artigoEmPeriodico	 	2020	2525-4251	http://dx.doi.org/10.25286/repa.v5i4.958	Lajes Maciças Pré-moldadas e Maciças Com Painéis Treliçados Em Pavimentos de Edificações: Logística, Montagem e Custos	REVISTA DE ENGENHARIA E PESQUISA APLICADA	LIMA, NATHAN B. ; ALMEIDA, R. O. ; LIMA, N. B.		
artigoEmPeriodico	 	2020	1807-8664	http://dx.doi.org/10.4025/actascitechnol.v43i1.49807	Robust regression analysis for the relationship between welding parameters and microhardness of 410 NiMo martensitic steel deposits on SAE 1020 steel	ACTA SCIENTIARUM. TECHNOLOGY (ONLINE)	MORENO, J. R. S. ; CORREA, C. A. ; LIZZI, E. A. S. ; OLIVIO, E. F. T. ; OLIVIO FILHO, P. S. ; SILVA, A. C. S. ; SANTOS, T. F. A.		
artigoEmPeriodico	 	2020	1350-4177	http://dx.doi.org/10.1016/j.ultsonch.2020.105275	Ultrasound irradiation effect on morphological and adsorptive properties of a nanoscale 3D Zn-coordination polymer and derived oxide	ULTRASONICS SONOCHEMISTRY	PEREIRA, LYARA FERREIRA ; DE OLIVEIRA FRÓS, ALLANA CHRISTINA ; MANOSSO AMORIM, MILENA KOWALCZUK ; HALLWASS, FERNANDO ; ALMEIDA, LUCIANO COSTA ; BARROS, BRÁULIO SILVA ; KULESZA, JOANNA		
artigoEmPeriodico	 	2020	2041-2479	http://dx.doi.org/10.1177/2041247920952641	Blend of cassava starch and high-density polyethylene with green tea for food packaging	POLYMERS FROM RENEWABLE RESOURCES	ROMAGNOLLI, CASSIANO MN ; LEITE, GABRIELA P ; RODRIGUES, TIAGO AR ; MORELLI, CAROLINA L		
artigoEmPeriodico	 	2020	2349-6495	http://dx.doi.org/10.22161/ijaers.78.15	The correct choice among welding wires ER70S- 2, ER70S-3 and ER70S-6, according to the oxidation level of base metal	INTERNATIONAL JOURNAL OF ADVANCED ENGINEERING RESEARCH AND SCIENCE	VICENTE, A. A. ; D?SILVA, P. A. ; BABU, R. ; DOS SANTOS, I. L. ; AGUIAR, R. R. ; SANTOS, T. F. A.		
artigoEmPeriodico	 	2020	2349-6495	http://dx.doi.org/10.22161/ijaers.710.11	Study on the effect of ferrite number on impact toughness of austenitic stainless steels at low temperatures	INTERNATIONAL JOURNAL OF ADVANCED ENGINEERING RESEARCH AND SCIENCE	VICENTE, ANDRÉ DE ALBUQUERQUE ; D'SILVA, PETER ALOYSIUS ; JOS, BOBBY ; SANTOS, TIAGO FELIPE DE ABREU ; TENÓRIO, JORGE ALBERTO SOARES		
artigoEmPeriodico	 	2020	2349-6495	http://dx.doi.org/10.22161/ijaers.711.34	Study on the effect of nitrogen content and cooling rate on the ferrite number of austenitic stainless steels	INTERNATIONAL JOURNAL OF ADVANCED ENGINEERING RESEARCH AND SCIENCE	VICENTE, ANDRÉ DE ALBUQUERQUE ; D'SILVA, PETER ALOYSIUS ; SADANANDAN, SIBI ; SANTOS, TIAGO FELIPE DE ABREU ; TENÓRIO, JORGE ALBERTO SOARES		
artigoEmPeriodico	 	2020	2349-6495	http://dx.doi.org/10.22161/ijaers.77.37	The effect of shielding gases in the Ferrite Number of austenitic stainless steels joints through GMAW	INTERNATIONAL JOURNAL OF ADVANCED ENGINEERING RESEARCH AND SCIENCE	VICENTE, ANDRÉ DE ALBUQUERQUE ; D'SILVA, PETER ALOYSIUS ; SANTOS, ITALO LEONARDO DOS ; AGUIAR, RENATO RODRIGUES DE ; BOTELHO JUNIOR, AMILTON BARBOSA ; SANTOS, TIAGO FELIPE DE ABREU		
artigoEmPeriodico	 	2020	0954-4062	http://dx.doi.org/10.1177/0954406220957053	Influence of welding gases and filler metals on hybrid laser-GMAW and Laser-FCAW welds	PROCEEDINGS OF THE INSTITUTION OF MECHANICAL ENGINEERS PART C-JOURNAL OF MECHANICAL ENGINEERING SCIENCE	WALLERSTEIN, D ; VAAMONDE, E ; PRADA, A ; TORRES, EA ; URTIGA FILHO, SL ; SANTOS, TFA		
artigoEmPeriodico	 	2019	1073-5623	http://dx.doi.org/10.1007/s11661-019-05293-y	Predominant Solidification Modes of 316 Austenitic Stainless Steel Coatings Deposited by Laser Cladding on 304 Stainless Steel Substrates	METALLURGICAL AND MATERIALS TRANSACTIONS A-PHYSICAL METALLURGY AND MATERIALS SCIENCE	APOLINARIO, L. H. R. ; WALLERSTEIN, D. ; MONTEALEGRE, M. A. ; URTIGA FILHO, S. L. ; TORRES, E. A. ; HERMENEGILDO, T. F. C. ; SANTOS, T. F. A.		
artigoEmPeriodico	 	2019	1526-6125	http://dx.doi.org/10.1016/j.jmapro.2019.05.040	Analysis of the surface roughness and cutting tool wear using a vapor compression assisted cooling system to cool the cutting fluid in turning operation	Journal of Manufacturing Processes	ARAÚJO, ROGÉRIO PONTES ; ROLIM, TIAGO L ; OLIVEIRA, CARLOS A ; MOURA, ALEX E ; SILVA, JOSÉ CARLOS A		
artigoEmPeriodico	 	2019	1678-5878	http://dx.doi.org/10.1007/s40430-019-1674-2	Failure pressure prediction of corroded pipes under combined internal pressure and axial compressive force	Journal of the Brazilian Society of Mechanical Sciences and Engineering	BRUÈRE, VIVIANNE M. ; BOUCHONNEAU, N. ; MOTTA, R. ; AFONSO, S. ; WILLMERSDORF, R. ; LYRA, P. ; TORRES, J. ; ANDRADE, E. ; CUNHA, D.		
artigoEmPeriodico	 	2019	2164-6341	http://dx.doi.org/10.32604/jrm.2019.01833	Poly (Butylene Adipate-Co-Terephthalate) and Poly (--Caprolactone) and Their Bionanocomposites with Cellulose Nanocrystals: Thermo-Mechanical Properties and Cell Viability Study	JOURNAL OF RENEWABLE MATERIALS	CRISTINA BRANCIFORTI, MARCIA ; FARIA BELLANI, CAROLINE ; LIPPARELLI MORELLI, CAROLINA ; FERR, ALICE ; BENKIRANE-JESSEL, NADIA ; ELIDA SUMAN BRETAS, ROSARIO		
artigoEmPeriodico	 	2019	0967-3911	http://dx.doi.org/10.1177/0967391119874994	Blend of recycled poly(ethylene terephthalate) and polycarbonate with polyaniline for antistatic packaging	POLYMERS & POLYMER COMPOSITES	DA SILVA, ANA MARIA G ; BARCELOS, KARINA DE ALMEIDA ; DA SILVA, MERCÊS COELHO ; Morelli, Carolina Lipparelli		
artigoEmPeriodico	 	2019	0257-8972	http://dx.doi.org/10.1016/j.surfcoat.2019.04.040	Effect of initial surface treatment on obtaining a superhydrophobic surface on 5052 aluminum alloy with enhanced anticorrosion properties	SURFACE & COATINGS TECHNOLOGY	DA SILVA, RAFAEL G.C. ; VIEIRA, MAGDA R.S. ; MALTA, MARIA I.C. ; DA SILVA, CARLOS H. ; DE OLIVEIRA, SARA H. ; FILHO, SEVERINO L.U.		
artigoEmPeriodico	 	2019	1144-0546	http://dx.doi.org/10.1039/c8nj06420b	Rapid and efficient electrochemical synthesis of a zinc-based nano-MOF for Ibuprofen adsorption	NEW JOURNAL OF CHEMISTRY	DE LIMA NETO, OTÁVIO JOSÉ ; FRÓS, ALLANA CHRISTINA DE OLIVEIRA ; BARROS, BRÁULIO SILVA ; DE FARIAS MONTEIRO, ARTHUR FELIPE ; KULESZA, JOANNA		
artigoEmPeriodico	 	2019	1359-8368	http://dx.doi.org/10.1016/j.compositesb.2018.10.050	Effects of hybridization on the mechanical properties of composites reinforced by piassava fibers tissue	COMPOSITES PART B-ENGINEERING	DE OLIVEIRA FILHO, GENILSON CUNHA ; DE SOUSA MOTA, RUI CARLOS ; DA CONCEICAO, ANA CLAUDIA RANGEL ; LEAO, MIRTANIA ANTUNES ; DE ARAUJO FILHO, OSCAR OLIMPIO		
artigoEmPeriodico	 	2019	0020-1693	http://dx.doi.org/10.1016/j.ica.2019.04.031	Selective adsorption of BTEX on calixarene-based molecular coordination network determined by 13C NMR spectroscopy	INORGANICA CHIMICA ACTA	DE OLIVEIRA FRÓS, ALLANA CHRISTINA ; DE OLIVEIRA, MARIA ALAIDE ; MACÊDO SOARES, ANTONIA ALICE ; HALLWASS, FERNANDO ; CHOJNACKI, JAROSLAW ; BARROS, BRÁULIO SILVA ; Júnior, Severino Alves ; KULESZA, JOANNA		
artigoEmPeriodico	 	2019	0022-2860	http://dx.doi.org/10.1016/j.molstruc.2019.02.048	Concrete paving blocks: Structural, thermodynamic, fluorescence, optical and mechanical properties	JOURNAL OF MOLECULAR STRUCTURE	ESTOLANO, AMANDA M.L. ; LIMA, NATHAN B. ; JUNIOR, ROGERIO V.A. ; BELARMINO, MARCIA K.D.L. ; SILVA, ANDERSON I.S. ; NASCIMENTO, CARLOS F.G. ; OLIVEIRA, NATHALIA T.C. ; LIMA, VICTOR M.E. ; IORAS, RENAN U.F. ; OLIVEIRA, ROMILDE A. ; LIMA, NATHALIA B.D.		
artigoEmPeriodico	 	2019	1980-5373	http://dx.doi.org/10.1590/1980-5373-mr-2019-0386	Effects of Geometrical Feature on Microstructures and Mechanical Properties of Refill Friction Stir Spot Welding 6061 Aluminum Alloy	MATERIALS RESEARCH	FERNANDES, CAMILA ALBUQUERQUE ; URTIGA FILHO, SEVERINO LEOPOLDINO ; SUHUDDIN, UCEU ; SANTOS, JORGE FERNANDEZ DOS		
artigoEmPeriodico	 	2019	2238-7854	http://dx.doi.org/10.1016/j.jmrt.2017.10.009	Blocking of factorial experiments in galvanized wire zinc weight test	Journal of Materials Research and Technology-JMR&T	FERNANDES, LUCAS SONEGO ; FIGUEIREDO, JOSÉ DEMÉTRIO LEITE DE ; FILHO, OSCAR OLÍMPIO DE ARAÚJO ; ARAÚJO, EDVAL GONÇALVES DE		
artigoEmPeriodico	 	2019	1980-5373	http://dx.doi.org/10.1590/1980-5373-mr-2019-0176	Corrosive Behavior of ASTM A131 Grade A36 Carbon Steel Exposed in Diesel S10/ Saline Water	MATERIALS RESEARCH	FRAZÃO, DIANA MAGALHÃES ; Melo, Ivanilda Ramos de ; VIEIRA, MAGDA ROSÂNGELA SANTOS ; URTIGA FILHO, SEVERINO LEOPOLDINO		
artigoEmPeriodico	 	2019	0167-7322	http://dx.doi.org/10.1016/j.molliq.2018.11.084	Preparation and characterization of polypyrrole/organophilic montmorillonite nanofibers obtained by electrospinning	JOURNAL OF MOLECULAR LIQUIDS	JÚNIOR, LINDEMBERGUE P.C. ; SILVA, DÁFENES B.R. DOS S. ; DE AGUIAR, MAURÍCIO F. ; de Melo, Celso P. ; ALVES, KLEBER G.B.		
artigoEmPeriodico	 	2019	0022-2860	http://dx.doi.org/10.1016/j.molstruc.2018.09.006	Loss of mass, structural, and thermodynamic properties of concretes under rainy conditions	JOURNAL OF MOLECULAR STRUCTURE	LIMA, NATHAN B. ; JUNIOR, ROGERIO V.A. ; BELARMINO, MARCIA K.D.L. ; ESTOLANO, AMANDA M.L. ; MANTA, RAFAEL C. ; TETI, BRUNO S. ; JÚNIOR, BÉDA B. ; PÓVOAS, YÊDA V. ; MONTEIRO, ELIANA C.B. ; OLIVEIRA, ROMILDE A. ; LIMA, NATHALIA B.D.		
artigoEmPeriodico	 	2019	0925-3467	http://dx.doi.org/10.1016/j.optmat.2019.109332	Tb3+/Pr3+ co-doped ZnMoO4 phosphor with tunable photoluminescence and energy transfer processes	OPTICAL MATERIALS	LOVISA, L.X. ; FERNANDES, Y.L.R.L. ; GARCIA, L.M.P. ; BARROS, B.S. ; Longo, E. ; PASKOCIMAS, C.A. ; BOMIO, M.R.D. ; MOTTA, F.V.		
artigoEmPeriodico	 	2019	1980-5373	http://dx.doi.org/10.1590/1980-5373-mr-2018-0882	Superhydrophobic Surfaces on 5052 Aluminum Alloy Obtained from LDH Film Modified with Stearic Acid for Enhanced Corrosion Protection	Materials Research-Ibero-american Journal of Materials	MALTA, MARIA ISABEL COLLASIUS ; VIEIRA, MAGDA ROSÂNGELA SANTOS ; SILVA, RAFAEL GLEYMIR CASANOVA DA ; SILVA, LEONARDO MENDONÇA CARNEIRO DA ; ARAÚJO, EDVAL GONÇALVES DE ; MACIEL, SARA HORÁCIO DE OLIVEIRA ; URTIGA FILHO, SEVERINO LEOPOLDINO		
artigoEmPeriodico	 	2019	1980-5373	http://dx.doi.org/10.1590/1980-5373-mr-2018-0877	Evaluation of Abrasive Wear in UNS S32101 and S32750 Duplex Stainless Steels Submitted to Friction Stir Processing	MATERIALS RESEARCH	MARQUES, IGOR J. ; SILVA, F. J. ; FRANCA, T. S. ; SOUSA, G. G. ; HERMENEGILDO, T.F.C. ; SANTOS, T. F. A.		
artigoEmPeriodico	 	2019	0925-8388	http://dx.doi.org/10.1016/j.jallcom.2019.153170	Rapid precipitation of intermetallic phases during isothermal treatment of duplex stainless steel joints produced by friction stir welding	JOURNAL OF ALLOYS AND COMPOUNDS	MARQUES, IGOR J. ; SILVA, FLAVIO J. ; SANTOS, TIAGO F.A.		
artigoEmPeriodico	 	2019	2320-0294		QUALITY CONTROL IN THE MEASUREMENT OF PARAMETERS OF ELECTRICAL CONNECTIONS ACCORDING TO BRAZILIAN STANDARD	International Journal of Engineering, Science and Mathematics	OLIVEIRA, C.A.N.; ARAUJO, R. P. ; ROLIM, T. L. ; GUIMARÃES, P. B. ; Oliveira, José Eduardo ; BANDEIRA, J. M. ; GUEDES, G. S.		
artigoEmPeriodico	 	2019	1980-5373	http://dx.doi.org/10.1590/1980-5373-mr-2019-0525	Evaluation of Microbiological Corrosion of API 5L X80 Steel by Electrochemical Techniques in Produced Water by the Oil Industry	MATERIALS RESEARCH	OLIVEIRA, EDKARLLA SOUSA DANTAS DE ; PEREIRA, ROSEANA FLORENTINO DA COSTA ; LIMA, MARIA ALICE GOMES DE ANDRADE ; URTIGA FILHO, SEVERINO LEOPOLDINO		
artigoEmPeriodico	 	2019	1980-5373	http://dx.doi.org/10.1590/1980-5373-mr-2018-0786	Study of the Plastic Deformation of API 5L X80 Steel Exposed to the Microbiological Action of Produced Water	MATERIALS RESEARCH	OLIVEIRA, EDKARLLA SOUSA DANTAS DE ; PEREIRA, ROSEANA FLORENTINO DA COSTA ; MONTOYA, MAXIME ; LIMA, MARIA ALICE GOMES DE ANDRADE ; URTIGA FILHO, SEVERINO LEOPOLDINO		
artigoEmPeriodico	 	2019	1517-7076	http://dx.doi.org/10.1590/s1517-707620190001.0658	Performance evaluation of NiCo2O4 spinel as a catalyst for partial oxidation of methane	Materia-Rio de Janeiro	PERES, ANA PAULA DA SILVA ; LIMA, ANDRÉIA CAVALCANTE DE ; BARROS, Bráulio Silva ; RUIZ, JUAN ALBERTO CHAVEZ ; MELO, Dulce Maria de Araújo		
artigoEmPeriodico	 	2019	1674-4799	http://dx.doi.org/10.1007/s12613-019-1790-0	Effect of high anodic polarization on the passive layer properties of superduplex stainless steel friction stir welds at different chloride electrolyte pH values and temperatures	International Journal of Minerals Metallurgy and Materials	SANTA CRUZ, L. A. ; MACHADO, G. ; VICENTE, A. A. ; HERMENEGILDO, T.F.C. ; SANTOS, T. F. A.		
artigoEmPeriodico	 	2019	2192-9262	http://dx.doi.org/10.1007/s13632-018-0506-6	Corrosion Evaluation of Duplex and Superduplex Stainless Steel Friction Stir Welds Using Potentiodynamic Measurements and Immersion Tests in Chloride Environments	METALLOGRAPHY, MICROSTRUCTURE, AND ANALYSIS (PRINT)	SANTA CRUZ, LARISSA A. ; MARQUES, IGOR J. ; URTIGA FILHO, SEVERINO L. ; HERMENEGILDO, TAHIANA F. C. ; SANTOS, TIAGO F. A.		
artigoEmPeriodico	 	2019	1517-7076	http://dx.doi.org/10.1590/s1517-707620190001.0640	Influência da adição de Sn na resistência à corrosão e na capacidade de recarga da liga Pb-1,5%Sn para grade positiva de baterias chumbo-ácido	Materia-Rio de Janeiro	SANTOS, ABDIAS GOMES DOS ; VIEIRA, MAGDA ROSÂNGELA SANTOS ; URTIGA FILHO, SEVERINO LEOPOLDINO ; SILVA, Flávio José da		
artigoEmPeriodico	 	2019	0254-0584	http://dx.doi.org/10.1016/j.matchemphys.2019.121737	Coordination polymer-derived CuO catalysts for oxidative degradation of methylene blue	MATERIALS CHEMISTRY AND PHYSICS	SILVA JUNIOR, O.J. ; MONTEIRO, A.F.F. ; OLIVEIRA, J.B.L. ; ARAÚJO, A.M.U. ; SILVA, D.G. ; KULESZA, J. ; BARROS, B.S.		
artigoEmPeriodico	 	2019	0104-9224	http://dx.doi.org/10.1590/0104-9224/si24.23	Aplicação da Metodologia para Qualificação de Procedimentos de Soldagem de Tubulações Industriais Conforme Parâmetros dos Códigos ASME B31.3 e ASME SECTION IX*	Soldagem & Inspecao	SILVA, ANA CARLA S. ; ARAÚJO, HELEN R. ; MACENA, VAGNER A. ; MORENO, JOÃO R. SARTORI ; VICENTE, ANDRÉ A. ; HERMENEGILDO, TAHIANA F. C. ; SANTOS, TIAGO F. A.		
artigoEmPeriodico	 	2019	1350-6307	http://dx.doi.org/10.1016/j.engfailanal.2019.01.009	Structural integrity analysis of pipelines with interacting corrosion defects by multiphysics modeling	ENGINEERING FAILURE ANALYSIS	SILVA, E. S. ; PAIVA, V. M. B. C. ; Bastos, S. M. ; WILLMERSDORF, R. ; LYRA, P. ; BOUCHONNEAU, N.		
artigoEmPeriodico	 	2019	1047-4838	http://dx.doi.org/10.1007/s11837-019-03677-4	Comparison of Friction Surfacing Process and Coating Characteristics of Ti-6Al-4V and Ti Grade 1	JOM	VALE, NATALIA ; FITSEVA, VIKTORIA ; URTIGA FILHO, SEVERINO L. ; DOS SANTOS, JORGE F. ; HANKE, STEFANIE		
artigoEmPeriodico	 	2019	1980-5373	http://dx.doi.org/10.1590/1980-5373-mr-2018-0888	Effects of Friction Surfacing on the Characteristics of Consumable Rods of Ti-6Al-4V	MATERIALS RESEARCH	VALE, NATALIA DO ; FITSEVA, VIKTORIA ; HANKE, STEFANIE ; URTIGA FILHO, SEVERINO LEOPOLDINO ; SANTOS, JORGE FERNANDEZ DOS		
artigoEmPeriodico	 	2019	2238-7854	http://dx.doi.org/10.1016/j.jmrt.2018.11.009	Study of the high temperature oxidation and Kirkendall porosity in dissimilar welding joints between FE-CR-AL alloy and stainless steel AISI 310 after isothermal heat treatment at 1150 °C in air	Journal of Materials Research and Technology-JMR&T	VICENTE, ANDRÉ DE ALBUQUERQUE ; MORENO, JOAO ROBERTO SARTORI ; ESPINOSA, DENISE CROCCE ROMANO ; SANTOS, TIAGO FELIPE DE ABREU ; TENÓRIO, JORGE ALBERTO SOARES		
artigoEmPeriodico	 	2019	0925-8388	http://dx.doi.org/10.1016/j.jallcom.2018.10.136	Nucleation and growth of graphite particles in ductile cast iron	JOURNAL OF ALLOYS AND COMPOUNDS	VICENTE, ANDRÉ DE ALBUQUERQUE ; SARTORI MORENO, JOÃO ROBERTO ; SANTOS, TIAGO FELIPE DE ABREU ; ESPINOSA, DENISE CROCCE ROMANO ; TENÓRIO, JORGE ALBERTO SOARES		
artigoEmPeriodico	 	2019	1517-7076	http://dx.doi.org/10.1590/s1517-707620190003.0766	Evaluation of two-step transformation in Ni-rich titanium-nickel alloys using thermal and internal friction analyses	Materia-Rio de Janeiro	VIRGOLINO, FILLIPE STEPHANY DE SOUZA ; SANTOS, TIAGO FELIPE DE ABREU ; OLIVEIRA, CARLOS AUGUSTO NASCIMENTO ; GONZALEZ, Cezar Henrique ; SOUSA, GUILHERME GADELHA DE ; VILELA, JOSÉ MÁRIO CARNEIRO ; ANDRADE, MARGARETH SPANGLER		
artigoEmPeriodico	 	2018	1980-5373	http://dx.doi.org/10.1590/1980-5373-mr-2017-0779	Study on Effect of EAFD Particulate Reinforcement in a AA7075 Aluminum Matrix Composites	Materials Research-Ibero-american Journal of Materials	ALVES, E. O. ; AMARO, D. R. A. ; SILVA, E. C. O. ; ARAÚJO FILHO, OSCAR OLIMPIO ; Gonçalves, KAB		
artigoEmPeriodico	 	2018	2365-6549	http://dx.doi.org/10.1002/slct.201801423	Metal-Organic Framework Nanocrystals	ChemistrySelect	BARROS, BRÁULIO SILVA ; DE'LIMA'NETO, OTÁVIO JOSÉ ; DE'OLIVEIRA'FRÓS, ALLANA CHRISTINA ; KULESZA, JOANNA		
artigoEmPeriodico	 	2018	1984-9710		Polimerização da Anilina com Argila Montmorilonita Modificada e Avaliação da Condutividade do Nanocompósito Produzido	CIENTEC: Revista de ciência,tecnologia e humanidades do IFPE	COSTA JUNIOR, L. P. ; SILVA, D. B. R. S. ; AGUIAR, M. F. ; ALVES, K.G.B.		
artigoEmPeriodico	 	2018	0167-7322	http://dx.doi.org/10.1016/j.molliq.2018.09.066	Multifunctional polyaniline hybrid nanofiber with YVO4 (Er2%;Yb8%)	JOURNAL OF MOLECULAR LIQUIDS	DE LIMA, A.R.F. ; DE MELO, E.F. ; MELO, C.P. ; ALVES, K.G.B.		
artigoEmPeriodico	 	2018	2352-3409	http://dx.doi.org/10.1016/j.dib.2018.11.084	Data generated by the hybridization of mechanical properties of composite reinforced by piassava fiber fabric	DATA IN BRIEF	DE OLIVEIRA FILHO, GENILSON CUNHA ; DE SOUSA MOTA, RUI CARLOS ; DA CONCEIÇÃO, ANA CLAUDIA RANGEL ; LEÃO, MIRTANIA ANTUNES ; DE ARAUJO FILHO, OSCAR OLIMPIO		
artigoEmPeriodico	 	2018	1144-0546	http://dx.doi.org/10.1039/c7nj04625a	Solid-state tunable photoluminescence in Gadolinium-Organic Frameworks: effect of the Eu3+ content and co-doping with Tb3+	NEW JOURNAL OF CHEMISTRY	DO NASCIMENTO, JARLEY FAGNER SILVA ; DE ARAÚJO, ANTONIO MARCOS URBANO ; KULESZA, JOANNA ELZBIETA ; DE FARIAS MONTEIRO, ARTHUR FELIPE ; Júnior, Severino Alves ; BARROS, BRÁULIO		
artigoEmPeriodico	 	2018	1806-3691	http://dx.doi.org/10.1007/s40430-018-1372-5	Effect of the energy input on the microstructure and mechanical behavior of AA2024-T351 joint produced by friction stir welding	JOURNAL OF THE BRAZILIAN SOCIETY OF MECHANICAL SCIENCES AND ENGINEERING (ONLINE)	DO VALE, NATÁLIA LOPES ; TORRES, EDWAR ANDRÉS ; Santos, Tiago Felipe de Abreu ; URTIGA FILHO, SEVERINO LEOPOLDINO ; DOS SANTOS, JORGE F.		
artigoEmPeriodico	 	2018	1980-5373	http://dx.doi.org/10.1590/1980-5373-mr-2017-0066	Biocorrosion on Surface of ASTM A283 Carbon Steel, Exposed in Diesel S10 and Tap Water	MATERIALS RESEARCH	FRAZÃO, DIANA MAGALHÃES ; Melo, Ivanilda Ramos de ; MONTOYA, MAXIME ; Urtiga Filho, Severino Leopoldino		
artigoEmPeriodico	 	2018	2452-3216	http://dx.doi.org/10.1016/j.prostr.2018.12.019	Simulated running ductile fracture experiment using rubber tube	Procedia Structural Integrity	FURUTA, YASUYUKI ; NISHIZONO, YUKI ; AIHARA, SHUJI ; YANAGIMOTO, FUMINORI ; KAWABATA, TOMOYA ; SHIBANUMA, KAZUKI ; Oliveira, Carlos A. ; SHINOHARA, ARMANDO H.		
artigoEmPeriodico	 	2018	2005-4149	http://dx.doi.org/10.1007/s12540-018-0111-x	Microstructural Evolution of HSLA ISO 3183 X80M (API 5L X80) Friction Stir Welded Joints	Metals and Materials International	HERMENEGILDO, TAHIANA F. C. ; SANTOS, TIAGO F. A. ; TORRES, EDWAR A. ; AFONSO, CONRADO R. M. ; RAMIREZ, ANTONIO J.		
artigoEmPeriodico	 	2018	1678-4790	http://dx.doi.org/10.21577/0103-5053.20180239	RM1 Semiempirical Model: Chemistry, Pharmaceutical Research, Molecular Biology and Materials Science	JOURNAL OF THE BRAZILIAN CHEMICAL SOCIETY (ONLINE)	LIMA, NATHALIA; ROCHA, GERD ; FREIRE, RICARDO ; SIMAS, ALFREDO		
artigoEmPeriodico	 	2018	0022-2860	http://dx.doi.org/10.1016/j.molstruc.2018.03.086	A chemical rationalization of the processing and application of the mortar coatings: Structural, thermodynamic, and fluorescence properties	JOURNAL OF MOLECULAR STRUCTURE	LIMA, NATHAN B. ; ROGERIO, V.A. ; BELARMINO, MARCIA K.D.L. ; SILVA, ANDERSON I.S. ; IORAS, RENAN U.F. ; OLIVEIRA, ROMILDE A. ; LIMA, NATHALIA B.D.		
artigoEmPeriodico	 	2018	0925-8388	http://dx.doi.org/10.1016/j.jallcom.2018.07.339	White light emission from single-phase Y 2 MoO 6 : xPr 3+ (x= 1, 2, 3 and 4-mol%) phosphor	JOURNAL OF ALLOYS AND COMPOUNDS	LOVISA, L.X. ; SANTIAGO, A.A.G. ; FARIAS, M.B. ; BARROS, B.S. ; Longo, E. ; LI, M.S. ; PASKOCIMAS, C.A. ; BOMIO, M.R.D. ; MOTTA, F.V.		
artigoEmPeriodico	 	2018	2412-5954		Comparative Study of API 5L X60 and ASTM 572 Gr50 Steel Exposed to Crude Oil and Seawater	Mechanics, Materials Science & Engineering	MARQUEZ, M. V. C. ; CIRINO, J. A. ; VIEIRA, Magda. R. S. ; URTIGA FILHO, S. L.		
artigoEmPeriodico	 	2018	0959-6526	http://dx.doi.org/10.1016/j.jclepro.2017.10.297	A review on wind turbine control and its associated methods	JOURNAL OF CLEANER PRODUCTION	NOVAES MENEZES, EDUARDO JOSÉ ; ARAÚJO, ALEX MAURÍCIO ; BOUCHONNEAU DA SILVA, NADÈGE SOPHIE		
artigoEmPeriodico	 	2018	1980-6973	http://dx.doi.org/10.1590/0104-9224/si2303.06	Soldagem Helicoidal de Tubos Produzida em Campo do Aço ASTM A-1018 e sua Correlação com Características Mecânicas e Microestruturais das Juntas Soldadas	REVISTA SOLDAGEM E INSPEÇÃO	SILVA, ANA CARLA SANTOS DA ; FIGUEREDO, ERIKE WILKER ARRUDA ; SILVA JÚNIOR, DEUSDEDIT CARLOS DA ; HERMENEGILDO, TAHIANA FRANCISCA DA CONCEIÇÃO ; SANTOS, TIAGO FELIPE DE ABREU		
artigoEmPeriodico	 	2018	0167-7322	http://dx.doi.org/10.1016/j.molliq.2018.10.087	Preparation and characterization of nanofibers of polyvinyl alcohol/polyaniline-montmorillonite clay	JOURNAL OF MOLECULAR LIQUIDS	SILVA, DÁFENES B.R. DOS S. ; JÚNIOR, LINDEMBERGUE P.C. ; DE AGUIAR, MAURÍCIO F. ; de Melo, Celso P. ; ALVES, KLEBER G.B.		
artigoEmPeriodico	 	2018	0100-4042	http://dx.doi.org/10.21577/0100-4042.20170194	EVALUATION OF PERFORMANCE OF A POLYURETHANE SENSING PHASE BY GIBBS ENERGY OF SOLVATION AND INFRARED SPECTROSCOPY FOR DETERMINATION OF TOLUENE IN WATER	QUIMICA NOVA	SOUZA, JULIANA ; AZEVEDO JÚNIOR, ROGERIO ; VINHAS, GLÓRIA ; LIMA, NATHALIA ; BRITO, ANDRÉA		
artigoEmPeriodico	 	2018	1980-5373	http://dx.doi.org/10.1590/1980-5373-mr-2016-1011	Influence of Rotational Speed in the Friction Surfacing of Titanium Grade 1 on Ti-6Al-4V	MATERIALS RESEARCH	VALE, NATÁLIA LOPES DO ; FITSEVA, VIKTORIA ; HANKE, STEFANIE ; Urtiga Filho, Severino Leopoldino ; SANTOS, JORGE FERNANDEZ DOS		
artigoEmPeriodico	 	2018	0209-4541		Comparison of Behaviour to Oxidation at High Temperature of Two Superalloys: Inconel 713C and IC-50	OXIDATION COMMUNICATIONS	VICENTE, A. A. ; MORENO, J. R. S. ; TENÓRIO, J. A. S. ; BOTELHO JR, A. B. ; SANTOS, T.F.A. ; ESPINOSA, D. C. R.		
artigoEmPeriodico	 	2017	1678-5878		Vibration Monitoring, Fault Detection, and Bearings Replacement of a Real Wind Turbine	Journal of the Brazilian Society of Mechanical Sciences and Engineering	AZEVEDO, H. ; ARAUJO, A. M. ; ARRUDA FILHO, P. H. C ; Bouchonneau, Nadège ; Rohatgi, J. S. ; SOUZA, R. M. C.		
artigoEmPeriodico	 	2017	1662-9752	http://dx.doi.org/10.4028/www.scientific.net/msf.899.25	Manufacturing of AA2124 Aluminum Alloy Metal Matrix Composites Reinforced by Silicon Carbide Processed by Powder Metallurgy Techniques of High Energy Ball Milling and Hot Extrusion	MATERIALS SCIENCE FORUM (ONLINE)	DE ARAÚJO FILHO, OSCAR OLIMPIO ; DE ARAÚJO, EVERTHON RODRIGUES ; DE LIRA, HERONILTON MENDES ; GONZALEZ, Cezar Henrique ; SILVA, NOELLE DEMERY GOMES ; Urtiga Filho, Severino Leopoldino		
artigoEmPeriodico	 	2017	1662-9752	http://dx.doi.org/10.4028/www.scientific.net/msf.899.361	Secondary Hardening of an AISI M3:2 High Speed Steel Sinter 23 Hot Isostatic Pressed	MATERIALS SCIENCE FORUM (ONLINE)	DE ARAÚJO FILHO, OSCAR OLIMPIO ; GONZALEZ, Cezar Henrique ; Urtiga Filho, Severino Leopoldino ; OLIVEIRA, C.A.N. ; SILVA, NOELLE DEMERY GOMES ; AMBROZIO FILHO, F.		
artigoEmPeriodico	 	2017	0272-8842	http://dx.doi.org/10.1016/j.ceramint.2017.03.160	Tunable photoluminescence of nanostructured LaPO 4 :Eu 3+ /Tb 3+ synthesized via a microwave-assisted ethylene glycol route	CERAMICS INTERNATIONAL	DE OLIVEIRA, R.S. ; DE BRITO, B.S. ; KULESZA, J. ; ALVES-JR, S. ; BARROS, B.S.		
artigoEmPeriodico	 	2017	0254-0584	http://dx.doi.org/10.1016/j.matchemphys.2017.01.024	Influence of synthesis time on the microstructure and photophysical properties of Gd-MOFs doped with Eu3+	MATERIALS CHEMISTRY AND PHYSICS	DO NASCIMENTO, JARLEY FAGNER SILVA ; BARROS, BRÁULIO SILVA ; KULESZA, JOANNA ; DE OLIVEIRA, JOÃO BOSCO LUCENA ; PEREIRA LEITE, ANA KARINA ; DE OLIVEIRA, ROSIVÂNIA SILVA		
artigoEmPeriodico	 	2017	1754-2138	http://dx.doi.org/10.1080/09507116.2016.1218615	Influence of welding position and parameters in orbital tig welding applied to low-carbon steel pipes	Welding International	FEGUEIROA, D. W. ; PIGOZZO, I. O. ; SILVA, R. H. G. E. ; Santos, T. F. A. ; URTIGA FILHO, S. L.		
artigoEmPeriodico	 	2017	1516-1439	http://dx.doi.org/10.1590/1980-5373-mr-2017-0066	Biocorrosion on Surface of ASTM A283 Carbon Steel, Exposed in Diesel S10 and Tap Water	Materials Research-Ibero-american Journal of Materials	FRAZÃO, DIANA MAGALHÃES ; MELO, IVANILDA RAMOS DE ; MONTOYA, MAXIME ; URTIGA FILHO, SEVERINO LEOPOLDINO		
artigoEmPeriodico	 	2017	1984-7300		Análise térmica de soldagem obtida numericamente na liga de alumínio AA 5056 pelo processo GMAW	REVISTA DE CIÊNCIA, TECNOLOGIA E HUMANIDADES (CIENTEC)	GUIMARAES, P. B. ; OLIVEIRA, C. A. N. ; OLIVEIRA NETO, J. J. C ; ANTONINO, T. S. ; L JUNIOR, J. D. ; FERREIRA, R. A. S. ou SANGUINETTI FERREIRA, R. A.		
artigoEmPeriodico	 	2017	0104-9224	http://dx.doi.org/10.1590/0104-9224/si2202.03	Desenvolvimento dos Parâmetros do Processo de Soldagem por Atrito com Pino Não Consumível para o Aço de Alta Resistência e Baixa Liga ISO 3183 X80M	Soldagem & Inspecao	HERMENEGILDO, TAHIANA F. C. ; SILVA, ANA CARLA S. ; TORRES, EDWAR A. ; SANTOS, TIAGO F. A. ; RAMIREZ, ANTONIO J.		
artigoEmPeriodico	 	2017	1980-5373	http://dx.doi.org/10.1590/1980-5373-mr-2016-1015	Modulator Effect of Acetic Acid on the Morphology of Luminescent Mixed Lanthanide- Organic Frameworks	MATERIALS RESEARCH	LEITE, ANA KARINA PEREIRA ; BARROS, BRÁULIO SILVA ; KULESZA, JOANNA ; NASCIMENTO, JARLEY FAGNER SILVA DO ; MELO, DULCE MARIA DE ARAÚJO ; OLIVEIRA, ANGELO ANDERSON SILVA DE		
artigoEmPeriodico	 	2017	2046-2069	http://dx.doi.org/10.1039/c7ra02019h	Europium complexes: choice of efficient synthetic routes from RM1 thermodynamic quantities as figures of merit	RSC Advances	LIMA, N. B.; SILVA, A. I. S. ; Santos, V. F. D. C. ; GONCALVES, S. M. D. C. ; SIMAS, A. M.		
artigoEmPeriodico	 	2017	1516-1439	http://dx.doi.org/10.1590/1980-5373-mr-2016-1060	Double Kinetics of Intermetallic Phase Precipitation in UNS S32205 Duplex Stainless Steels Submitted to Isothermal Heat Treatment	Materials Research-Ibero-american Journal of Materials	MARQUES, I. J. ; VICENTE, A. A. ; TENÓRIO, J. A. S. ; SANTOS, T.F.A.		
artigoEmPeriodico	 	2017	1350-6307	http://dx.doi.org/10.1016/j.engfailanal.2017.07.010	Comparative studies for failure pressure prediction of corroded pipelines	ENGINEERING FAILURE ANALYSIS	MOTTA, RENATO S. ; CABRAL, HÉLDER L.D. ; AFONSO, SILVANA M.B. ; WILLMERSDORF, RAMIRO B. ; Bouchonneau, Nadège ; LYRA, PAULO R.M. ; DE ANDRADE, EDMUNDO Q.		
artigoEmPeriodico	 	2017	0022-2860	http://dx.doi.org/10.1016/j.molstruc.2017.01.017	Effects of crystal lattice and counterions on the geometries of metal complexes: Hexaaquomagnesium cation as a case study	Journal of Molecular Structure (Print)	NASCIMENTO, AGRINALDO J. ; MOURA, GUSTAVO L.C. ; LIMA, NATHALIA B.D. ; SIMAS, ALFREDO M.		
artigoEmPeriodico	 	2017	1516-1439	http://dx.doi.org/10.1590/1980-5373-mr-2016-0954	Corrosion Behavior of API 5L X80 Steel in the Produced Water of Onshore Oil Recovery Facilities	Materials Research-Ibero-american Journal of Materials	OLIVIERA, E. S. D. ; PEREIRA, R. F. C. ; MELO, I. R. ; Andrade Lima M. A. G ; Urtiga Filho, Severino Leopoldino		
artigoEmPeriodico	 	2017	1516-1439	http://dx.doi.org/10.1590/1980-5373-mr-2017-0025	Evaluation of Co-Ni/SiC Nanocomposite Coating Obtained by Electrodeposition on the Corrosion Resistance of API 5L X80 Steel	Materials Research-Ibero-american Journal of Materials	PEREIRA, ROSEANA FLORENTINO DA COSTA ; OLIVEIRA, EDKARLLA SOUSA DANTAS DE ; VIEIRA, MAGDA ROSÂNGELA SANTOS ; LIMA, MARIA ALICE GOMES DE ANDRADE ; URTIGA FILHO, SEVERINO LEOPOLDINO		
artigoEmPeriodico	 	2017	1662-9752	http://dx.doi.org/10.4028/www.scientific.net/msf.899.317	Influence of Composite Nano-Coating of Ni-Co-SiC Obtained by Electrodeposition on the Corrosion Resistance of API 5L X80 Steel	MATERIALS SCIENCE FORUM (ONLINE)	PEREIRA, ROSEANA FLORENTINO DA COSTA ; DE OLIVEIRA, EDKARLLA SOUSA DANTAS ; ALVES E SILVA, DIOGO LINS ; RIBEIRO, ANDRÊSSA SOUZA ; DE ARAÚJO FILHO, OSCAR OLIMPIO ; DE ANDRADE E LIMA, MARIA ALICE GOMES ; Urtiga Filho, Severino Leopoldino		
artigoEmPeriodico	 	2017	0950-7116	http://dx.doi.org/10.1080/09507116.2017.1347323	Friction stir welding of duplex stainless steels	WELDING INTERNATIONAL	Santos, Tiago Felipe de Abreu; TORRES, EDWAR ANDRÉS ; RAMIREZ, ANTONIO JOSE		
artigoEmPeriodico	 	2017	2470-1343	http://dx.doi.org/10.1021/acsomega.7b00647	Europium Complexes: Luminescence Boost by a Single Efficient Antenna Ligand	ACS Omega	SILVA, ANDERSON I. S. ; LIMA, NATHALIA B. D. ; SIMAS, ALFREDO M. ; GONÇALVES, SIMONE M. C.		
artigoEmPeriodico	 	2017	0101-5397		Estudo Comparativo da resistência ao desgaste abrasivo entre um revestimento a base de Cr, Ni, B e Si e WC-Co aplicados por aspersão térmica	PETRO & QUÍMICA	SILVA, W. B. ; DA SILVA, F.J. ; LIMA, R. R. A.		
artigoEmPeriodico	 	2017	0022-4596	http://dx.doi.org/10.1016/j.jssc.2017.04.002	Structural and spectroscopic investigation of new luminescent hybrid materials based on calix[4]arene-tetracarboxylate and Ln 3+ ions (Ln = Gd, Tb or Eu)	Journal of Solid State Chemistry (Print)	VIANA, R.S. ; OLIVEIRA, C.A.F. ; CHOJNACKI, J. ; BARROS, B.S. ; ALVES-JR, S. ; KULESZA, J.		
artigoEmPeriodico	 	2016	1662-9752	http://dx.doi.org/10.4028/www.scientific.net/MSF.869.447	Manufacturing and Characterization of AA1100 Aluminum Alloy Metal Matrix Composites Reinforced by Silicon Carbide and Alumina Processed by Powder Metallurgy	Materials Science Forum (Online)	ARAÚJO FILHO, OSCAR OLIMPIO ; ARAÚJO DE MOURA, ALEXANDRE DOUGLAS ; DE ARAÚJO, EVERTHON RODRIGUES ; DOS SANTOS, MAURÍLIO JOSÉ ; GONZALEZ, CEZAR HENRIQUE ; DA SILVA, FLÁVIO JOSÉ		
artigoEmPeriodico	 	2016	1364-0321	http://dx.doi.org/10.1016/j.rser.2015.11.032	A review of wind turbine bearing condition monitoring: State of the art and challenges	Renewable & Sustainable Energy Reviews	AZEVEDO, H. ; ARAUJO, A. M. ; BOUCHONNEAU, N.		
artigoEmPeriodico	 	2016	1980-5373	http://dx.doi.org/10.1590/1980-5373-mr-2016-0022	Effect of Spun Velocities and Composition on the R‒phase and Thermomechanical Behavior in Ti‒Ni Ribbons Electrically Heated	Materials Research (São Carlos. On-line)	CUELLAR, ENRIQUE LÓPEZ ; MENDOZA, ESAÚ NUÑEZ ; Araújo, Carlos José de ; WALLE, BEATRIZ CRISTINA LÓPEZ ; OTUBO, JORGE ; GONZALEZ, CEZAR		
artigoEmPeriodico	 	2016	0379-6779	http://dx.doi.org/10.1016/j.synthmet.2016.07.003	Sonoelectrochemical synthesis of metal-organic frameworks	Synthetic Metals	DA SILVA, GILVALDO G. ; SILVA, CECÍLIA S. ; RIBEIRO, ROGÉRIO T. ; RONCONI, CÉLIA M. ; BARROS, BRÁULIO S. ; NEVES, JORGE L. ; JÚNIOR, SEVERINO ALVES		
artigoEmPeriodico	 	2016	0272-8842	http://dx.doi.org/10.1016/j.ceramint.2016.07.119	Nickel-based catalyst derived from NiO-Ce0.75Zr0.25O2 nanocrystalline composite: Effect of the synthetic route on the partial oxidation of methane	Ceramics International	DA SILVEIRA, V.R. ; Melo, D.M.A. ; Barros, B.S. ; RUIZ, J.A.C. ; ALCAZAR ROJAS, LEOPOLDO O.		
artigoEmPeriodico	 	2016	1073-5623	http://dx.doi.org/10.1007/s11661-016-3631-3	Physical Simulation of a Duplex Stainless Steel Friction Stir Welding by the Numerical and Experimental Analysis of Hot Torsion Tests	METALLURGICAL AND MATERIALS TRANSACTIONS A-PHYSICAL METALLURGY AND MATERIALS SCIENCE	FONSECA, E. B. ; SANTOS, T. F. A. ; BUTTON, S.T. ; RAMIREZ, A.J.		
artigoEmPeriodico	 	2016	1610-2940	http://dx.doi.org/10.1007/s00894-016-3130-x	Insights into the spontaneity of hydrogen bond formation between formic acid and phthalimide derivatives	Journal of Molecular Modeling (Print)	JÚNIOR, ROGÉRIO V. A. ; MOURA, GUSTAVO L. C. ; LIMA, NATHALIA B. D.		
artigoEmPeriodico	 	2016	2197-4586	http://dx.doi.org/10.1515/epoly-2015-0229	Solvent-fractionated sugar cane bagasse lignin: structural characteristics and electro-spinnability	E-Polymers	LEITE, ROGÉRIO ; DE ALMEIDA, YÊDA MEDEIROS B. ; SARMENTO, SANDRA MARIA ; ALVES, KLEBER G.B. ; DE MELO, ETELINO FEIJÓ ; SOUTO-MAIOR, ROSA MARIA		
artigoEmPeriodico	 	2016	0272-8842	http://dx.doi.org/10.1016/j.ceramint.2016.09.214	Wear of ceramic tools when machining Inconel 751 using argon and oxygen as lubri-cooling atmospheres	Ceramics International	LIMA, FÁBIO F. ; SALES, WISLEY F. ; COSTA, EDER S. ; DA SILVA, FLÁVIO J. ; MACHADO, ÁLISSON R.		
artigoEmPeriodico	 	2016	2045-2322	http://dx.doi.org/10.1038/srep21204	Chemical Partition of the Radiative Decay Rate of Luminescence of Europium Complexes	Scientific Reports	LIMA, N. B.; DUTRA, J. D. ; GONCALVES, S. M. C. ; FREIRE, RICARDO O. ; SIMAS, A. M.		
artigoEmPeriodico	 	2016	0022-2313	http://dx.doi.org/10.1016/j.jlumin.2015.04.044	Synthesis of mixed ligand europium complexes: Verification of predicted luminescence intensification	Journal of Luminescence	LIMA, NATHALIA B.D.; SILVA, ANDERSON I.S. ; GONÇALVES, SIMONE M.C. ; SIMAS, ALFREDO M.		
artigoEmPeriodico	 	2016	0255-5476	http://dx.doi.org/10.4028/www.scientific.net/MSF.869.649	Simulation of Cooling Curves of the Heat Affected Zones of API 5L X80 Steel of Welds Made by Flux Core Arc Welding Self Protecting	Materials Science Forum (Online)	DE LIRA, HERONILTON MENDES ; FERREIRA, RICARDO ARTHUR SANGUINETTI ; DAS NEVES, MAURÍCIO DAVID MARTINS ; DOS SANTOS, MAURÍLIO JOSÉ ; URTIGA FILHO, SEVERINO LEOPOLDINO ; ARAÚJO FILHO, OSCAR OLIMPIO		
artigoEmPeriodico	 	2016	1980-5373	http://dx.doi.org/10.1590/1980-5373-mr-2015-0380	Effect of Spun Velocities and Composition on the Microstructure and Transformation Temperatures of TiNi Shape Memory Ribbons	MATERIALS RESEARCH	LÓPEZ CUELLAR, ENRIQUE ; LÓPEZ PAVÓN, LUIS ; NUÑEZ MENDOZA, ESAÚ ; Araújo, Carlos José de ; CASTRO, WALMAN BENICIO DE ; GONZALEZ, CEZAR ; OTUBO, JORGE		
artigoEmPeriodico	 	2016	0022-2860	http://dx.doi.org/10.1016/j.molstruc.2016.04.031	Effect of 1,10-phenanthroline aromaticity in carboxylic acids:1H NMR spectroscopy, GIAO calculations and thermodynamic properties	Journal of Molecular Structure (Print)	MACHADO, CAMILA M.B. ; SANTOS, VANESSA F.C. ; BELARMINO, MARCIA K.D.L. ; FRANÇA, JOSÉ A.A. ; MOURA, GUSTAVO L.C. ; LIMA, NATHALIA B.D.		
artigoEmPeriodico	 	2016	1061-0278	http://dx.doi.org/10.1080/10610278.2015.1093631	Experimental and computational studies of the binding properties of lower rim tetra- and di-substituted calix[4]arene amide derivatives with metal ions	SUPRAMOLECULAR CHEMISTRY	MARCOS, PAULA M. ; FONSECA, JOEL D. ; PROENÇA, CARLA S. ; ASCENSO, JOSÉ R. ; BERNARDINO, RAUL J. ; KULESZA, JOANNA ; BOCHENSKA, MARIA		
artigoEmPeriodico	 	2016	0032-3888	http://dx.doi.org/10.1002/pen.24367	Nanocomposites of PBAT and cellulose nanocrystals modified by - in situ</i> - polymerization and melt extrusion	Polymer Engineering and Science	Morelli, Carolina L.; BELGACEM, MOHAMED N. ; BRANCIFORTI, MÁRCIA C. ; C. B. SALON, MARIE ; BRAS, JULIEN ; BRETAS, ROSARIO E. S.		
artigoEmPeriodico	 	2016	0021-8995	http://dx.doi.org/10.1002/app.43678	Melt extruded nanocomposites of polybutylene adipate- co</i> -terephthalate (PBAT) with phenylbutyl isocyanate modified cellulose nanocrystals	Journal of Applied Polymer Science (Print)	MORELLI, CAROLINA L; BELGACEM, NACEUR ; BRETAS, ROSARIO E. S. ; BRAS, JULIEN		
artigoEmPeriodico	 	2016	0141-8130		Control of microbiological corrosion on carbon steel with sodiumhypochlorite and biopolymer	INTERNATIONAL JOURNAL OF BIOLOGICAL MACROMOLECULES	Oliveira S. H. ; Andrade Lima M. A. G ; França F. P. ; VIIEIRA, M. R. S. ; SILVA, P. ; URTIGA FILHO, S. L.		
artigoEmPeriodico	 	2016	0010-938X	http://dx.doi.org/10.1016/j.corsci.2015.10.023	Corrosion of thin, magnetron sputtered Nb2O5 films	Corrosion Science	PILLIS, MARINA FUSER ; GERIBOLA, GUILHERME ALTOMARI ; SCHEIDT, GUILHERME ; DE ARAÚJO, EDVAL GONÇALVES ; DE OLIVEIRA, MARA CRISTINA LOPES ; ANTUNES, RENATO ALTOBELLI		
artigoEmPeriodico	 	2016	0255-5476		Study Of The Efficiency Of Ag-SiO2 Nanoparticles As Additives In Anticorrosion Coatings.	Materials Science Forum	PLETSCH, R. O. ; Alves, K.B.G. ; VIEIRA, M.R.S ; MELO, C. P. ; Da Silva, N. S. B.		
artigoEmPeriodico	 	2016	1662-9752	http://dx.doi.org/10.4028/www.scientific.net/MSF.869.663	Study of the Efficiency of Ag-SiO<sub>2</sub> Nanoparticles as Additives in Anticorrosion Coatings	Materials Science Forum (Online)	PLETSCH, RÔMULO DE O. ; ALVES, KLEBER G.B. ; VIEIRA, MAGDA R.S. ; de Melo, Celso P. ; BOUCHONNEAU, NADÈGE S.		
artigoEmPeriodico	 	2016	1544-1024	http://dx.doi.org/10.1007/s11665-016-2357-0	Detailed Microstructural Characterization and Restoration Mechanisms of Duplex and Superduplex Stainless Steel Friction-Stir-Welded Joints	Journal of Materials Engineering and Performance	SANTOS, T. F. A.; TORRES, E. A. ; LIPPOLD, J. C. ; RAMIREZ, A. J.		
artigoEmPeriodico	 	2016	1516-1439	http://dx.doi.org/10.1590/1980-5373-MR-2015-0319	Friction stir welding of duplex and superduplex stainless steels and some aspects of microstructural characterization and mechanical performance	Materials Research-Ibero-american Journal of Materials	SANTOS, T.F.A.; FONSECA, E. B. ; TORRES, E.A. ; RAMIREZ, A.J.		
artigoEmPeriodico	 	2016	1980-6973	http://dx.doi.org/10.1590/0104-9224/si2101.06	Soldagem por Atrito com Pino Não Consumível de Aços Inoxidáveis Duplex	REVISTA SOLDAGEM E INSPEÇÃO	SANTOS, T.F.A.; TORRES, E.A. ; RAMIREZ, A.J.		
artigoEmPeriodico	 	2016	0950-7116	http://dx.doi.org/10.1080/09507116.2015.1096498	Development of ceramic backing for friction stir welding and processing	WELDING INTERNATIONAL	SANTOS, TIAGO F. A.; TORRES, EDWAR A. ; HERMENGILDO, TAHIANA F. C. ; RAMIREZ, ANTONIO J.		
artigoEmPeriodico	 	2016	0141-8130		Control of microbiological corrosion on carbon steel with sodium hypochlorite and biopolymer. International Journal of Biological Macromolecules	International Journal of Biological Macromolecules	Sara H. de Oliveira ; Maria Alice G. de A. Lima ; FRANCA, F. P. ; VIEIRA, M.R.S ; URTIGA FILHO, S. L.		
artigoEmPeriodico	 	2016	2046-2069	http://dx.doi.org/10.1039/C6RA20609C	Substantial luminescence enhancement in ternary europium complexes by coordination of different ionic ligands	RSC Advances: an international journal to further the chemical sciences	SILVA, ANDERSON IRINEU SOARES ; SANTOS, VANESSA F.C. ; LIMA, NATHALIA BEZERRA DE ; SIMAS, ALFREDO ; GONÇALVES, SIMONE MARIA DA CRUZ		
artigoEmPeriodico	 	2016	1662-9752	http://dx.doi.org/10.4028/www.scientific.net/msf.869.474	Influence of Heat Treatment on Martensitic Transformations in Copper-Based Alloys with Shape Memory Effect	MATERIALS SCIENCE FORUM (ONLINE)	SILVA, L. C. S. ; GONZALEZ, C. H. ; OLIVEIRA, CARLOS AUGUSTO DO NASCIMENTO ; SILVA, K. C. A.		
artigoEmPeriodico	 	2016	1662-9752	http://dx.doi.org/10.4028/www.scientific.net/MSF.869.982	Synthesis of ZnO Nanoparticles Doped with Cobalt: Influence of Doping on the Magnetic and Fluorescent Properties	Materials Science Forum (Online)	SUGAHARA, HENRIQUE J. ; de Melo, Etelino F. ; de Melo, Celso P. ; ALVES, KLEBER G.B.		
artigoEmPeriodico	 	2016	0255-5476	http://dx.doi.org/10.4028/www.scientific.net/msf.869.441	Friction Stir Welding of Aluminium Alloy Sheets	Materials Science Forum (Online)	VALE, N.L. ; DOS SANTOS, JORGE FERNANDEZ ; MELO, I.R. ; ARAÚJO FILHO, OSCAR OLIMPIO ; URTIGA FILHO, SEVERINO LEOPOLDINO		
artigoEmPeriodico	 	2016	0255-5476	http://dx.doi.org/10.4028/www.scientific.net/msf.869.699	Corrosion by Sulfate Reducing Bacteria in Welded Joints of Stell API 5L X80	MATERIALS SCIENCE FORUM (ONLINE)	VASCONCELOS, E.S.L. ; DE OLIVEIRA, E.S.D. ; LIMA, M.A.G.A. ; MONTOYA, M. ; GONZALEZ, CEZAR HENRIQUE ; URTIGA FILHO, SEVERINO LEOPOLDINO		
artigoEmPeriodico	 	2015	1980-5373	http://dx.doi.org/10.1590/1516-1439.018115	Nickel-based Catalyst Precursor Prepared Via Microwave-induced Combustion Method: Thermodynamics of Synthesis and Performance in Dry Reforming of CH4	Materials Research	BARROS, BRAULIO SILVA ; KULESZA, JOANNA ; MELO, DULCE MARIA DE ARAÚJO ; KIENNEMAN, ALAIN		
artigoEmPeriodico	 	2015	0254-0584	http://dx.doi.org/10.1016/j.matchemphys.2015.05.079	Thermostability and photophysical properties of mixed-ligand carboxylate/benzimidazole Zn(II)-coordination polymers	Materials Chemistry and Physics	BARROS, BRÁULIO SILVA ; CHOJNACKI, JAROSLAW ; MACÊDO SOARES, ANTONIA ALICE ; KULESZA, JOANNA ; LOURENÇO DA LUZ, LEONIS ; Júnior, Severino Alves		
artigoEmPeriodico	 	2015	0378-3820	http://dx.doi.org/10.1016/j.fuproc.2014.11.028	Catalytic performances of Ni-CaO-mayenite in CO2 sorption enhanced steam methane reforming	Fuel Processing Technology	CESÁRIO, MOISÉS R. ; BARROS, BRAÚLIO S. ; COURSON, CLAIRE ; MELO, DULCE M.A. ; KIENNEMANN, ALAIN		
artigoEmPeriodico	 	2015	1381-5148	http://dx.doi.org/10.1016/j.reactfunctpolym.2015.08.012	Use of magnetic and fluorescent polystyrene/tetraphenylporphyrin/maghemite nanocomposites for the photoinactivation of pathogenic bacteria	Reactive & Functional Polymers (Print)	CHÁVEZ-GUAJARDO, ALICIA E. ; MAQUEIRA, LUIS ; MEDINA-LLAMAS, JUAN C. ; ALCARAZ-ESPINOZA, J. ; ARAÚJO, TIAGO L. ; VINHAS, GLÓRIA M. ; RODRIGUES, ALEXANDRE R. ; ALVES, KLEBER G.B. ; de Melo, Celso P.		
artigoEmPeriodico	 	2015	1385-8947	http://dx.doi.org/10.1016/j.cej.2015.07.008	Efficient removal of Cr (VI) and Cu (II) ions from aqueous media by use of polypyrrole/maghemite and polyaniline/maghemite magnetic nanocomposites	Chemical Engineering Journal (1996)	CHÁVEZ-GUAJARDO, ALICIA E. ; MEDINA-LLAMAS, JUAN C. ; MAQUEIRA, LUIS ; ANDRADE, CÉSAR A.S. ; ALVES, KLEBER G.B. ; de Melo, Celso P.		
artigoEmPeriodico	 	2015	2045-2322	http://dx.doi.org/10.1038/srep13695	Europium Luminescence: Electronic Densities and Superdelocalizabilities for a Unique Adjustment of Theoretical Intensity Parameters	Scientific Reports	DUTRA, JOSÉ DIOGO L. ; LIMA, NATHALIA B. D. ; FREIRE, RICARDO O. ; SIMAS, ALFREDO M.		
artigoEmPeriodico	 	2015	1980-6973	http://dx.doi.org/10.1590/0104-9224/si2004.11	Influência da Posição e dos Parâmetros de Soldagem na Soldagem TIG Orbital Aplicada a Tubulações de Aço Baixo Carbono	REVISTA SOLDAGEM E INSPEÇÃO	FIGUEIRÔA, DANIEL WALLERSTEIN ; PIGOZZO, IVAN OLSZANSKI ; SILVA, RÉGIS HENRIQUE GONÇALVES E ; SANTOS, TIAGO FELIPE DE ABREU ; Urtiga Filho, Severino Leopoldino		
artigoEmPeriodico	 	2015	0948-4280	http://dx.doi.org/10.1007/s00773-015-0316-3	Numerical calculation method for the optimum wave energy absorption configuration based on the variation of Kochin function	Journal of Marine Science and Technology (Print)	KAWABE, HIROSHI ; MICHIMA, PAULA SUEMY ARRUDA ; SHINOHARA, ARMANDO HIDEKI ; Gonzalez, Cezar Henrique		
artigoEmPeriodico	 	2015	1932-6203	http://dx.doi.org/10.1371/journal.pone.0143998	Faster Synthesis of Beta-Diketonate Ternary Europium Complexes: Elapsed Times	Plos One	LIMA, N. B.; SILVA, A. I. S. ; CASTRO JUNIOR, G. P. ; GONCALVES, S. M. C. ; SIMAS, A. M.		
artigoEmPeriodico	 	2015	2214-7853	http://dx.doi.org/10.1016/j.matpr.2015.07.399	Thermomechanical Behavior of a Composite Based on a NiTi Ribbon with a Magnetic Hybrid Polymer	MATERIALS TODAY: PROCEEDINGS	LOMAS-GONZÁLEZ, O. ; López-Cuellar, E. ; LÓPEZ-WALLE, B. ; DE ARAÚJO, C. J. ; REYES-MELO, E. ; GONZALEZ, C. H.		
artigoEmPeriodico	 	2015	1359-835X	http://dx.doi.org/10.1016/j.compositesa.2015.10.038	Supramolecular aromatic interactions to enhance biodegradable film properties through incorporation of functionalized cellulose nanocrystals	Composites. Part A, Applied Science and Manufacturing	Morelli, Carolina L.; BELGACEM, MOHAMED N. ; BRANCIFORTI, MÁRCIA C. ; BRETAS, ROSARIO E.S. ; CRISCI, ALEXANDRE ; BRAS, JULIEN		
artigoEmPeriodico	 	2015	0926-6690	http://dx.doi.org/10.1016/j.indcrop.2015.03.036	Natural copaiba oil as antibacterial agent for bio-based active packaging	Industrial Crops and Products (Print)	Morelli, Carolina Lipparelli; MAHROUS, MAROI ; BELGACEM, MOHAMED NACEUR ; BRANCIFORTI, MÁRCIA CRISTINA ; BRETAS, ROSARIO ELIDA SUMAN ; BRAS, JULIEN		
artigoEmPeriodico	 	2015	1984-7300		Numerical Study of the Influence of Geometrical Parameter (ar) of the Power Goldak in Welding Thermal Cycles of Naval ASTM AH36 Steel	CIENTEC: Revista de ciência,tecnologia e humanidades do IFPE	NASCIMENTO, E. S. ; OLIVEIRA NETO, J. J. C. ; ANTONINO, T. S. ; GUIMARAES, P. B. ; FERREIRA, R. A. S. ou SANGUINETTI FERREIRA, R. A. ; OLIVEIRA, C. A. N. ; ALECIO, R. A.		
artigoEmPeriodico	 	2015	1984-7300		Estudo Numérico da Influência do Parâmetro Geométrico(ar) da Fonte Goldak nos Ciclos Térmicos de Soldagem do Aço Naval ASTM AH36	CIENTEC: Revista de ciência,tecnologia e humanidades do IFPE	OLIVEIRA, C. A. N.; GUIMARÃES, PABLO BATISTA ; ANTONINO, T. S.		
artigoEmPeriodico	 	2015	1980-5373	http://dx.doi.org/10.1590/1516-1439.334514	Thermomechanical Analysis on Ti-Ni Shape Memory Helical Springs Under Cyclic Tensile Loads	Materials Research	OLIVEIRA, CARLOS AUGUSTO DO NASCIMENTO ; GONZALEZ, CEZAR HENRIQUE ; Olimpio Filho, Oscar ; SILVA, NIÉDSON JOSÉ DA ; GUIMARÃES, PABLO BATISTA ; NUÑEZ-MENDOZA, ESAU ; CUÉLLAR, ENRIQUE MANUEL LÓPEZ		
artigoEmPeriodico	 	2015	0255-5476	http://dx.doi.org/10.4028/www.scientific.net/MSF.869.663	Study Of The Efficiency Of Ag-SiO2 Nanoparticles As Additives In Anticorrosion Coatings	Materials Science Forum	PLETSCH, R. O. ; Kleber G. B. Alves ; Magda R. S. Vieira ; Celso P. de Melo ; BOUCHONNEAU, N.		
artigoEmPeriodico	 	2015	0255-6952		Caracterização microestrutural de aços baixo carbono por microscopia de força atômica	REVISTA LATINOAMERICANA DE METALURGIA Y MATERIALES	SANTOS, T. F. A.; TORRES, E.A. ; VILELA, J.M.C. ; ANDRADE, M.S. ; COTA, A.B.		
artigoEmPeriodico	 	2015	0261-3069	http://dx.doi.org/10.1016/j.matdes.2014.10.005	Suitability of carbon fiber-reinforced polymers as power cable cores: Galvanic corrosion and thermal stability evaluation	MATERIALS & DESIGN	SANTOS, T. F. A.; VASCONCELOS, G. C. ; SOUZA, W. A. ; COSTA, M. L. ; BOTELHO, E. C.		
artigoEmPeriodico	 	2015	1551-5036		Seasonal and intraseasonal variability of wave climate in the NE Brazilian coast by using Nautical Radar System	Journal of Coastal Research	SILVA, A. C. ; BEZERRA, C. S. ; BARCELLOS, R. L. ; ARAUJO, M. ; Bouchonneau, Nadège ; MANSO, V.		
artigoEmPeriodico	 	2015	1875-3892	http://dx.doi.org/10.1016/j.phpro.2015.10.024	Red Luminescence in calix[4]arene-europium Hybrid Material	Physics Procedia	SOARES, A.M. ; BARROS, B.S. ; KULESZA, J. ; ALVES-JÚNIOR, S. ; CAMPOS, V.O. ; BOCHENSKA, M.		
artigoEmPeriodico	 	2015	1980-5373	http://dx.doi.org/10.1590/1516-1439.371614	Study of the Efficiency of Polypyrrole/ZnO Nanocomposites as Additives in Anticorrosion Coatings	Materials Research	VALENÇA, DEMÉTRIUS PERRELLI ; ALVES, KLEBER GONÇALVES BEZERRA ; MELO, CELSO PINTO DE ; BOUCHONNEAU, NADÈGE		
artigoEmPeriodico	 	2015	2175-7437		Análise da rugosidade superficial por perfilometria digital 3D do esmalte bovino microabrasionado por três diferentes pontas	Full Dentistry in Science	Xavier, H. S. ; SANGLARD, L.F. ; DA SILVA, F.J. ; MENDONCA, A. ; CARDOSO, T. O.		
trabalhoCompletoEmCongresso	 	2020	http://dx.doi.org/10.4322/CBPAT.2020.249	ANÁLISE DE MÉTODOS DE REPARO DOS DANOS OCASIONADOS PELA INFILTRAÇÃO POR CAPILARIDADE EM ALVENARIAS	Congresso Brasileiro de Patologia das Construções	MARINHO DOS SANTOS, A. L. ; ESTOLANO, A. MARQUES LOPES ; LIMA, N. B. DE ; ALVES BERENGUER, R. ; OLIVEIRA, R. ALMEIDA DE ; LIMA, N. BEZERRA DE		
trabalhoCompletoEmCongresso	 	2019		SÍNTESE E CARACTERIZAÇÃO DE MEMBRANAS DE PVA/POLITIOFENO/MMTO OBTIDAS POR ELETROFIAÇÃO	15º Congresso Brasileiro de Polímeros	AGUIAR, M. F. ; COSTA JUNIOR, L. P. ; SILVA, D. B. R. S. ; LIMA, A. R. ; FONSECA, J. C. M. ; de MELO, C. P. ; ALVES, K.G.B.		
trabalhoCompletoEmCongresso	 	2019	http://dx.doi.org/10.5151/2594-4711-33156	ESTUDO DE NOVAS PERSPECTIVAS TECNOLÓGICAS DO APROVEITAMENTO DO PÓ DE ACIARIA ELÉTRICA	19° Encontro Nacional de Estudantes de Engenharia Metalúrgica	ALVES, ELIZETH OLIVEIRA ; VASCONCELOS, CLEITON RODRIGUES DE ; ALVES, KLEBER GONÇALVES BEZERRA		
trabalhoCompletoEmCongresso	 	2019		?UPCONVERSION?, PROPRIEDADES FOTOTÉRMICAS E TRANSFERÊNCIA DE ENERGIA EM NANOFIBRAS DE Au/YVO4:Yb,Er@PVA	1	de Melo, E. F. ; LIMA, A. R. ; SILVA, D. B. R. S. ; AGUIAR, M. F. ; ALVES, K.G.B. ; de MELO, C. P. ; ALVES JUNIOR, S.		
trabalhoCompletoEmCongresso	 	2019		APLICAÇÃO DE EXPERIMENTOS DE ULTRASSOM PARA A AVALIAÇÃO DA QUALIDADE DE BLOCOS DE CONCRETO PARA PAVIMENTAÇÃO	61 Congresso Brasileiro do Concreto	ESTOLANO, AMANDA M.L. ; LIMA, NATHAN B. ; CARVALHO, D. B. ; LIMA, N. B. ; ALMEIDA, R. O.		
trabalhoCompletoEmCongresso	 	2019		THICK EPOXY CURE INDUCED EXOTHERMAL EFFECTS ON MATERIAL QUALITY : EXPERIMENTS VS PHYSICO-CHEMICAL COUPLED APPROACHES	13th International Conference on Advanced Computational Engineering and Experimenting - ACEX	JOCHUM, CHRISTIAN ; PAIVA, V. M. B. C. ; BOUCHONNEAU, N.		
trabalhoCompletoEmCongresso	 	2019		SÍNTESE E CARACTERIZAÇÃO DE COMPÓSITO DE POLIESTIRENO RECOBERTO COM POLIANILINA E YVO4 OBTIDOS POR ELETROFIAÇÃO	15º Congresso Brasileiro de Polímeros,	LIMA, A. R. ; SILVA, D. B. R. S. ; de MELO, C. P. ; ALVES, K.G.B.		
trabalhoCompletoEmCongresso	 	2019	http://dx.doi.org/10.5151/2594-5327-33284	FABRICAÇÃO DE COMPÓSITOS DA LIGA ALUMÍNIO AA7075 REFORÇADOS COM CARBONETO DE NIÓBIO (NBC) PROCESSADOS VIA METALURGIA DO PÓ	74o. Congresso Internacional da Associação Brasileira de Metalurgia	NASCIMENTO, D. M. ; SILVA JUNIOR, M. E. ; COSTA, J. E. B. ; LIRA, I. R. ; ARAÚJO FILHO, OSCAR OLIMPIO		
trabalhoCompletoEmCongresso	 	2019	http://dx.doi.org/10.5151/2594-5327-33299	FABRICAÇÃO E CARACTERIZAÇÃO DE LIGAS DE ALUMÍNIO AA4XXX A PARTIR DOS PÓS ELEMENTARES DE ALUMÍNIO E SILÍCIO VIA TÉCNICAS DE METALURGIA DO PÓ	74o. Congresso Internacional da Associação Brasileira de Metalurgia	SANTOS, E. N. ; ARAUJO, E. R. ; SOBREIRA, T. G. P. ; LIRA, H. M. ; LACERDA JUNIOR, E. E. ; ARAÚJO FILHO, OSCAR OLIMPIO		
trabalhoCompletoEmCongresso	 	2019		Microscopia de Fluorescência Como Estratégia para a Identificação de Materiais Fluorescentes em Materiais de Concreto	61 Congresso Brasileiro do Concreto	SILVA, A. I. S. ; LIMA, N. B. D. ; ESTOLANO, AMANDA M.L. ; ALMEIDA, R. O. ; LIMA, N. B.		
trabalhoCompletoEmCongresso	 	2019		NANOCOMPÓSITOS HÍBRIDOS Fe3O4/POLIPIRROL: UM MATERIAL PROMISSOR PARA ADITIVOS EM REVESTIMENTOS ORGÂNICOS	15º Congresso Brasileiro de Polímeros	SILVA, D. B. R. S. ; AGUIAR, M. F. ; LIMA, A. R. ; de MELO, C. P. ; ALVES, K.G.B.		
trabalhoCompletoEmCongresso	 	2019	http://dx.doi.org/10.22533/at.ed.2341902043	Influence of the Shot Peening Process on the Residual Tension and Microhardness Profiles in Automotive Gears	25th International Congress of Mechanical Engineering	SILVA, J. J. O. ; DA SILVA, F.J.		
trabalhoCompletoEmCongresso	 	2019	http://dx.doi.org/10.26678/abcm.cobef2019.cof2019-0590	EQUAL CHANNEL ANGULAR PRESSING AS A VIABLE MANUFACTURING PROCESS TO INCREASE HARDNESS OF COMMERCIALLY PURE ALUMINUM (AL 1050)	COBEF 2019	SOUSA, GUILHERME ; BRAGA, ERIKA ; SILVA, MOISÉS ; BEZERRA DE SANTANA, THIAGO HENRIQUE ; ABREU SANTOS, TIAGO FELIPE ; ABREU, HAMILTON		
trabalhoCompletoEmCongresso	 	2019		ESTUDO DA FLAMABILIDADE E RESISTÊNCIA A CHAMA DE UM COMPÓSITO DE RESINA POLIÉSTER REFORÇADO POR FIBRA NATURAL DE SISAL	CBPOL- Congresso Brasileiro de Polímeros	VALENCA, D. P. ; Bouchonneau, Nadège ; Kleber G. B. Alves		
trabalhoCompletoEmCongresso	 	2019		CARACTERIZAÇÃO DE UM COMPÓSITO DE RESINA POLIÉSTER REFORÇADO POR FIBRA NATURAL DE SISAL COM TRATAMENTO RETARDANTE DE CHAMA	CBPOL - Congresso Brasileiro de Polímeros	VALENCA, D. P. ; Bouchonneau, Nadège ; Kleber G. B. Alves		
trabalhoCompletoEmCongresso	 	2019		Desenvolvimento de Compósitos da Liga de Alumínio AA7075 Reforçados com Alumina e Nitreto de Silício Através de Técnicas de Metalurgia do Pó	74o. Congresso Anual da Associação Brasileira de Metalurgia	XAVIER, E. I. V. ; FERNANDES, L. E. ; NASCIMENTO, D. M. ; SILVA JUNIOR, M. E. ; ARAÚJO FILHO, OSCAR OLIMPIO		
trabalhoCompletoEmCongresso	 	2019		Reaproveitamento de Cavacos de Usinagem Através de Moagem de Alta Energia Para a Fabricação e Caracterização de Pós Metálicos da Liga AA6061	74o. Congresso Anual da Associação Brasileira de Metalurgia	XAVIER, E. I. V. ; FERNANDES, L. E. ; NASCIMENTO, D. M. ; SILVA JUNIOR, M. E. ; ZARZAR, S. T. ; ARAUJO, E. R. ; ARAÚJO FILHO, OSCAR OLIMPIO		
trabalhoCompletoEmCongresso	 	2018		Study of the Dynamic Properties of a SMA Mechanically Shaped by Hot Rolling and ECAE	24nd Congress of Mechanical Engineerin	Barbosa, P. S. S ; SILVA, N. J. ; Gonzalez, C. H. ; OLIVEIRA, C. A. N. ; ARAÚJO, CARLOS JOSÉ DE		
trabalhoCompletoEmCongresso	 	2018	http://dx.doi.org/10.21452/bccm4.2018.13.01	Numerical and experimental analyses on the curing of a thick thermosetting polymer matrix	Brazilian Conference on Composite Materials	BRUÈRE, VIVIANNE M. ; Bouchonneau, Nadège ; JOCHUM, CHRISTIAN		
trabalhoCompletoEmCongresso	 	2018		ANÁLISE DOS EFEITOS DA CORROSÃO EM ELETRODO DE ATERRAMENTO ELÉTRICO COBREADO	23º CBECiMat - Congresso Brasileiro de Engenharia e Ciência dos Materiais	C FILHO, W. ; Ivanilda Ramos de Melo ; PEREIRA, R. F. C. ; VIEIRA, M.R.S ; Severino L. Urtiga Filho		
trabalhoCompletoEmCongresso	 	2018	http://dx.doi.org/10.26678/ABCM.CONEM2018.CON18-1599	INFLUÊNCIA DOS TRATAMENTOS TÉRMICOS E COMPOSIÇÃO DE LIGA NAS TEMPERATURAS DE TRANSFORMAÇÃO MARTENSÍTICA EM LIGAS NI-TI COM EFEITO MEMÓRIA DE FORMA	X Congresso Nacional de Engenharia Mecânica	CARDOSO, MIRELLA ; GONZALEZ, Cezar Henrique ; OLIVEIRA, C. A. N.		
trabalhoCompletoEmCongresso	 	2018		REAPROVEITAMENTO DE RESÍDUO DE ESPUMA RÍGIDA DE POLIURETANO EM UMA MATRIZ TERMOPLÁSTICA DE POLIURETANO	III CONGRESSO DE PESQUISA	Carmo, K.M. ; Silva, M.C. ; MORELLI, CAROLINA L		
trabalhoCompletoEmCongresso	 	2018		Corrosão de pregos de aço em substâncias do cotidiano: contextualização e integração da teoria e prática aplicados à engenharia de materiais	3° Congresso Brasileiro de Engenharia e Ciência dos Materiais	Da Silva, J. J. ; SOUZA, L. V. ; Alice A. S. Vieira ; VIEIRA, M.R.S		
trabalhoCompletoEmCongresso	 	2018	http://dx.doi.org/10.22533/at.ed.2341902043	Avaliação da morfologia micronanométrica e resistência à corrosão de revestimentos super-hidrofóbicos desenvolvidos em liga de alumínio	INTERCORR	DA SILVA, RAFAEL G.C. ; Malta, M. I. C. ; ARAUJO, W. D. ; Urtiga Filho, S. L. ; MACIEL, S. H. O. ; VIEIRA, M.R.S		
trabalhoCompletoEmCongresso	 	2018		Avaliação do uso do metacaulim como substituinte parcial do cimento em blocos de concreto para pavimentação	60º Congresso Brasileiro do Concreto - IBRACON	ESTOLANO, AMANDA M.L. ; LIMA, NATHAN B. ; LIMA, N. B. ; ALMEIDA, R. O.		
trabalhoCompletoEmCongresso	 	2018	http://dx.doi.org/10.1109/sbfoton-iopc.2018.8610907	Optimizing gold nanorods dimer structure for sensing platform	2018 SBFoton International Optics and Photonics Conference (SBFoton IOPC)	FAROOQ, SAJID ; MAHMOOD, HAFIZ ZEESHAN ; RATIVA, DIEGO ; BOUCHONNEAU, NADEGE ; LINS, EMERY ; FONTANA, JAKE ; DE ARAUJO, RENATO E.		
trabalhoCompletoEmCongresso	 	2018		22nd European Conference on Fracture	22nd European Conference on Fracture	FURUTA, Y. ; NISHIZONO, Y. ; AIHARA, S. ; YANAGIMOTO, F. ; KAWABATA, T. ; SHIBANUMA, K. ; OLIVEIRA, C. A. N. ; SHINOHARA, A. H.		
trabalhoCompletoEmCongresso	 	2018		Desenvolvimento de uma carenagem para veículo off-road por meio de materiais recicláveis	XLVI Congresso Brasileiro de Educação em Engenharia (COBENGE) e 1º Simpósio Internacional de Educação em Engenharia	JUSTINO, P. N. A. ; VALADARES, D. S. ; LACERDA, J. C. ; Carolina Lipparelli Morelli		
trabalhoCompletoEmCongresso	 	2018		POLÍMERO MADEIRA: A INFLUÊNCIA DO PÓ DE SERRAGEM NAS PROPRIEDADES DO POLIPROPILENO	III CONGRESSO DE PESQUISA	Lage, W.C. ; Martins, A.C. ; Martuchele, I.A. ; Almeida, M.O. ; Morelli, Carolina L.		
trabalhoCompletoEmCongresso	 	2018		AVALIAÇÃO DA LOGÍSTICA E DOS CUSTOS DA UTILIZAÇÃO DE ESTACAS DE HÉLICE CONTÍNUA E DE ESTACAS DE CONCRETO PRÉ-MOLDADO EM FUNDAÇÕES DE EDIFÍCIOS	60º Congresso Brasileiro do Concreto - IBRACON	LIMA, NATHAN B. ; Oliveira, M. S. ; ESTOLANO, AMANDA M.L. ; LIMA, N. B. ; ALMEIDA, R. O.		
trabalhoCompletoEmCongresso	 	2018		THE COMPUTATIONAL QUANTUM CHEMISTRY AS A FRIENDLY STRATEGY TO CHEMICAL RATIONALIZATIONS OF THE PROCESSING OF CONCRETE MATERIALS	60º Congresso Brasileiro do Concreto - IBRACON	LIMA, NATHAN B. ; ROGERIO, V.A. ; ESTOLANO, AMANDA M.L. ; LIMA, N. B. ; ALMEIDA, R. O.		
trabalhoCompletoEmCongresso	 	2018		Metodologia para Qualificação de Procedimentos de Soldagem de Tubulações Industriais Conforme Parâmetros dos Códigos ASME B31.3 e ASME SECTION IX	XLIV Congresso Nacional de Soldagem	MACENA, V. A. ; NASCIMENTO, F. A. ; APOLINARIO, L. H. R. ; PICCHI, I. B. M. ; HERMENEGILDO, T.F.C. ; SANTOS, T.F.A.		
trabalhoCompletoEmCongresso	 	2018		Influência da temperatura na morfologia da camada de anodização da liga de alumínio 5052	23º CBECiMat - Congresso Brasileiro de Engenharia e Ciência dos Materiais	Marinho, L. A. ; C FILHO, W. ; VIEIRA, M.R.S ; URTIGA FILHO, SEVERINO LEOPOLDINO		
trabalhoCompletoEmCongresso	 	2018		Avaliação da atividade antimicrobiana e antifúngica de óleos essenciais para utilização em associação com implantes	1º Simpósio de Engenharia de Materiais do CEFET-MG	OLIVEIRA, W. S. ; CURTTS, A. F. R. ; CRUZ, C. L. ; Morelli, Carolina Lipparelli ; SILVA, S. N. ; AZEVEDO, D. M.		
trabalhoCompletoEmCongresso	 	2018		Características Geométricas e Microestruturais de Juntas Soldadas por Costura Helicoidal em Campo do Aço ASTM-A1018	XLIV Congresso Nacional de Soldagem	SILVA, A. C. S. ; MACENA, V. A. ; SILVA JR, D. C. ; PEREIRA, R. M. L. ; CARVALHO, K. K. ; HERMENEGILDO, T.F.C. ; SANTOS, T. F. A.		
trabalhoCompletoEmCongresso	 	2018		Soldagem em Campo de Tubulação com Costura Helicoidal por Arco Submerso	X Congresso Nacional de Engenharia Mecânica	SILVA, A. C. S. ; PICCHI, I. B. M. ; APOLINARIO, L. H. R. ; HERMENEGILDO, T.F.C. ; SANTOS, T.F.A.		
trabalhoCompletoEmCongresso	 	2018		Processamento e caracterização da blenda de ABS/HIPS	23º Congresso Brasileiro de Engenharia e Ciência dos Materiais	SILVA, A. M. G. ; GUERREIRO, G. G. ; BARCELOS, K. A. ; CARMO, K. M. ; JUSTINO, P. N. A. ; Tebaldi, M.L. ; Morelli, Carolina L.		
trabalhoCompletoEmCongresso	 	2018		Avaliação da morfologia micro-nanométrica e resistência à corrosão de revestimentos super-hidrofóbicos desenvolvidos em liga de alumínio 5052	Intercorr 2018	SILVA, R. G. C. ; MALTA, M. I. C. ; ARAUJO, W. D. O. ; URTIGA FILHO, S. L. ; Oliveira S. H. ; VIIEIRA, M. R. S.		
trabalhoCompletoEmCongresso	 	2018		Influência dos Tratamentos Térmicos de Solubilização e Envelhecimento Artificial na Dureza de uma Liga de Alumínio com 5,5% de Cu Produzida Via Metalurgia do Pó	Engenharia MecânicaCONEM 2018 - X Congresso Nacional de	SILVA, T. T. L. ; Gonzalez, C. H. ; ARAUJO, E. R. ; ARAÚJO FILHO, OSCAR OLIMPIO		
trabalhoCompletoEmCongresso	 	2018	http://dx.doi.org/10.3217/978-3-85125-615-4-33	A proposal for thermal computational model for API 5L-X80 steel friction stir welds based on thermocouples measurements	12th International Seminar ?Numerical Analysis of Weldability?	SOUSA, G. G. ; MONTOYA, M. ; BOUCHONNEAU, N. S. ; HERMENEGILDO, T. F. C. ; SANTOS, T. F. A.		
trabalhoCompletoEmCongresso	 	2018	http://dx.doi.org/10.26678/abcm.conem2018.con18-0653	Influência dos tratamentos térmicos de solubilização e envelhecimento artificial na dureza de uma liga de Al com 5,5% de Cu produzida via metalurgia do pó	X Congresso Nacional de Engenharia Mecânica	TENÓRIO LUNA DA SILVA, TARSILA ; GONZALEZ, CEZAR ; ARAUJO FILHO, OSCAR ; ARAUJO, EVERTHON		
trabalhoCompletoEmCongresso	 	2017		PREPARAÇÃO E CARACTERIZAÇÃO DE NANOFIBRAS DE ÁLCOOL POLIVINÍLICO/POLIANILINA-ARGILA MONTMORILONITA	14º Congresso Brasileiro de Polímeros	AGUIAR, M. F. ; COSTA JUNIOR, L. P. ; SILVA, D. B. R. S. ; ALVES, K. G. B		
trabalhoCompletoEmCongresso	 	2017		SÍNTESE E CARACTERIZAÇÃO DE NANOFIBRAS DE PVA/POLIPIRROL-ARGILA MONTMORILONITA	14 Congresso Brasileiro de Polímeros	AGUIAR, M. F. ; COSTA JUNIOR, L. P. ; SILVA, D. B. R. S. ; ALVES, K. G. B		
trabalhoCompletoEmCongresso	 	2017		Study of the Dynamic Properties of a SMA Mechanically Shaped by Hot Rolling and ECAE	24nd Congress of Mechanical Engineering ? 24º COBEM 2017	Barbosa, P. S. S. ; SILVA, Niédson José da ; GONZALEZ, C. H. ; OLIVEIRA, C. A. N. ; DE ARAÚJO, C. J.		
trabalhoCompletoEmCongresso	 	2017		NANOFIBRA MULTIFUNCIONAL DE POLIANILINA/YVO4(Er2%;Yb8%)	14 Congresso Brasileiro de Polímeros	LIMA, A. R. ; ALVES, K. G. B		
trabalhoCompletoEmCongresso	 	2017		RESERVATÓRIOS BASEADOS EM CONCRETO ARMADO: PROCEDIMENTOS E ESTRATÉGIAS PARA MINIMIZAR AS OCORRÊNCIAS PATOLÓGICAS EM EMENDAS	XIII CONGRESSO INTERNACIONAL SOBRE PATOLOGIA E RECUPERAÇÃO DE ESTRUTURAS	LIMA, N. B. D. ; ALMEIDA, R. O. ; LIMA, N. B.		
trabalhoCompletoEmCongresso	 	2017		IMPACTO DA UTILIZAÇÃO DE LAJES PRÉ-MOLDADAS E DE LAJES MACIÇAS EM PAVIMENTOS DE EDIFICAÇÕES	59° CONGRESSO BRASILEIRO DO CONCRETO	LIMA, N. B. D. ; LIMA, N. B. ; ALMEIDA, R. O.		
trabalhoCompletoEmCongresso	 	2017		AVALIAÇÃO DA RESISTÊNCIA À TRAÇÃO DOS REVESTIMENTOS DE ARGAMASSA APLICADOS NAS FACHADAS DOS EDIFÍCIOS ESTRUTURAIS DE ALVENARIA	XIII CONGRESSO INTERNACIONAL SOBRE PATOLOGIA E RECUPERAÇÃO DE ESTRUTURAS	LIMA, N. B. D. ; OLIVEIRA, M. S. ; ALMEIDA, R. O. ; LIMA, N. B.		
trabalhoCompletoEmCongresso	 	2017		?UTILIZAÇÃO DE NORMAS TÉCNICAS NA ÁREA DE PINTURA INDUSTRIAL PARA O ENSINO DE ENGENHARIA	COBENGE 2017 - XLV CONGRESSO BRASILEIRO DE EDUCAÇÃO EM ENGENHARIA	Marinho, L. A. ; VIEIRA, M.R.S ; URTIGA FILHO, S. L.		
trabalhoCompletoEmCongresso	 	2017		Utilização de cartas de controle para ajuste de intervalos de calibração	III SEMANA DAS ENGENHARIAS / II CONGRESSO DE ENGENHARIA	Oliveira, Eduardo José Alecio ; M, S. ; Oliveira, José Eduardo ; SENA, D. A. G ; SILVA, N. G ; SOARES, A. M. F. ; MARQUES, J. J. S ; SILVA, A. M. ; ARAUJO, R. P. ; OLIVEIRA, C. A. N.		
trabalhoCompletoEmCongresso	 	2017		Determinação da incerteza da medição indireta da distância entre centros de plugues de acordo com o novo padrão brasileiro	III SEMANA DAS ENGENHARIAS / II CONGRESSO DE ENGENHARIA.	Oliveira, José Eduardo ; OLIVEIRA, C. A. N.		
trabalhoCompletoEmCongresso	 	2017		Estruturação do Software SQUAL AUDITORIAS aplicado à ISO 9001	III SEMANA DAS ENGENHARIAS / II CONGRESSO DE ENGENHARIA	Oliveira, José Eduardo ; OLIVEIRA, C. A. N.		
trabalhoCompletoEmCongresso	 	2017		Estudo comparativo do uso dos métodos A1, A2 e Método de Schumacher para o estabelecimento dos intervalos de calibração	III SEMANA DAS ENGENHARIAS / II CONGRESSO DE ENGENHARIA	Oliveira, José Eduardo ; OLIVEIRA, C. A. N.		
trabalhoCompletoEmCongresso	 	2017		Aplicação dos métodos A1, A2 e Schumacher no ajuste do intervalo de calibração de célula de torque	Congresso Internacional de Metrologia Mecânica	Oliveira, José Eduardo ; OLIVEIRA, C. A. N.		
trabalhoCompletoEmCongresso	 	2017		?CORROSÃO NA INDÚSTRIA DE PETRÓLEO: UMA ABORDAGEM INTERDISCIPLINAR PARA O CURSO DE ENGENHARIA MECÂNICA	COBENGE 2017 - XLV CONGRESSO BRASILEIRO DE EDUCAÇÃO EM ENGENHARIA	Pereira, J. C. S, ; Marinho, L. A. ; VIEIRA, M.R.S ; URTIGA FILHO, S. L.		
trabalhoCompletoEmCongresso	 	2017		Estudo do Aumento de Dureza de uma Liga de Alumínio com 5,5% de Cobre Produzida Via Metalurgia do Pó	II Mostra de Engenharia de Materiais da UFPE ? II MENU	Silva, T.T.L. ; ARAUJO FILHO, O. O. ; GONZALEZ, C. H. ; Araújo, E.R.		
trabalhoCompletoEmCongresso	 	2017		SÍNTESE E CARACTERIZAÇÃO DE NANOFIBRAS POLIPIRROL/NANOPARTÍCULAS DE PRATA	14 Congresso Brasileiro de Polímeros	VALENCA, B. A. A. ; AGUIAR, M. F. ; SILVA, D. B. R. S. ; COSTA JUNIOR, L. P. ; ALVES, K. G. B		
trabalhoCompletoEmCongresso	 	2017	http://dx.doi.org/10.5151/1516-392x-30091	CARACTERIZAÇÃO DE UMA JUNTA SOLDADA DE AÇO INOXIDÁVEL DUPLEX PELO PROCESSO TIG NA RAIZ E ENCHIMENTO COM PROCESSO MIG-MAG	72º Congresso Anual da ABM	VICENTE, ANDRÉ DE ALBUQUERQUE ; CABRAL, DÉBORA ARRUDA ; BUENO, ALEXANDRE ; TURRA, THIAGO VIANA DE OLIVEIRA ; Santos, Tiago Felipe de Abreu ; TENÓRIO, JORGE ALBERTO SOARES		
trabalhoCompletoEmCongresso	 	2017	http://dx.doi.org/10.5151/1516-392x-30248	CARACTERIZAÇÃO MICROESTRUTURAL E ANÁLISES QUÍMICAS SEMI-QUANTITATIVAS DAS FASES FERRITA E AUSTENITA EM AÇOS INOXIDÁVEIS DUPLEX	72º Congresso Anual da ABM	VICENTE, ANDRÉ DE ALBUQUERQUE ; CABRAL, DÉBORA ARRUDA ; COLETI, JORGE LUÍS ; TELLES, VICTOR BRIDI ; Santos, Tiago Felipe de Abreu ; TENÓRIO, JORGE ALBERTO SOARES		
trabalhoCompletoEmCongresso	 	2017	http://dx.doi.org/10.5151/1516-392x-30089	CINÉTICAS DE OXIDAÇÃO E CÁLCULO DA ENERGIA DE ATIVAÇÃO APARENTE PARA FORMAÇÃO DOS ÓXIDOS EM AÇO INOXIDÁVEL AUSTENÍTICOS LAMINADO 253 MA A ALTAS TEMPERATURAS AO AR	72º Congresso Anual da ABM	VICENTE, ANDRÉ DE ALBUQUERQUE ; CABRAL, DÉBORA ARRUDA ; MARQUES, IGOR JORDÃO ; Santos, Tiago Felipe de Abreu ; ESPINOSA, DENISE CROCCE ROMANO ; TENÓRIO, JORGE ALBERTO SOARES		
trabalhoCompletoEmCongresso	 	2017	http://dx.doi.org/10.5151/1516-392x-30090	CARACTERIZAÇÃO MICROESTRUTURAL DAS CAMADAS PROTETIVAS DE ÓXIDOS FORMADOS NAS SUPERFÍCIES DE UM AÇO INOXIDÁVEL AUSTENITICO LAMINADO (253 MA®) OXIDADO A ALTAS TEMPERATURAS AO AR	72º Congresso Anual da ABM	VICENTE, ANDRÉ DE ALBUQUERQUE ; CABRAL, DÉBORA ARRUDA ; MARQUES, IGOR JORDÃO ; Santos, Tiago Felipe de Abreu ; ESPINOSA, DENISE CROCCE ROMANO ; TENÓRIO, JORGE ALBERTO SOARES		
trabalhoCompletoEmCongresso	 	2017	http://dx.doi.org/10.5151/1516-392x-30127	POROSIDADE DE KIRKENDALL EM JUNTAS SOLDADAS DISSIMILARES ENTRE LIGA FE-CR-AL E AÇO INOXIDÁVEL AISI 310 APÓS TRATAMENTO ISOTÉRMICO A 1150oC AO AR	72º Congresso Anual da ABM	VICENTE, ANDRÉ DE ALBUQUERQUE ; LIMA, GIOVANI JONAS DE ; CABRAL, DÉBORA ARRUDA ; FAGGIAN, CARLOS ALBERTO ; Santos, Tiago Felipe de Abreu ; TENÓRIO, JORGE ALBERTO SOARES		
trabalhoCompletoEmCongresso	 	2016		CORROSÃO MICROBIOLOGICAMENTE INDUZIDA DA LIGA DE ALUMÍNIO 5052 POR BACTÉRIAS REDUTORAS DE SULFATO EM ÁGUA DO MAR	Congresso Brasileiro de Engenharia e Ciência dos Materiais	ANDRADE, J. S. ; Sara H. de Oliveira ; Montoya, M. ; MELO, S. K. ; VIEIRA, M.R.S ; Urtiga Filho, S. L.		
trabalhoCompletoEmCongresso	 	2016		Obtenção de Superfície Super-hidrofóbica em liga de alumínio 5052 como proteção anticorrosiva	INTERCORR 2016	Barbosa, L. R. R. ; VIEIRA, M.R.S ; SILVA, R. F. ; Malta, M. I. C. ; ARAUJO, E. G. ; De Oiliveira Filho, O. O. ; Severino L. Urtiga Filho		
trabalhoCompletoEmCongresso	 	2016		Influência do tempo de ataque ácido da liga de alumínio 5052 para obtenção de superfícies super-hidrofóbicas	Intercorr 2016	Barbosa, L. R. R. ; VIEIRA, M.R.S ; ARAUJO, E. G. ; SILVA, R. F. ; Malta, M. I. C. ; Montoya, M. ; Severino L. Urtiga Filho		
trabalhoCompletoEmCongresso	 	2016		Abrasômetro Roda de Borracha na Configuração Horizontal e Vertical	RIO OIL GAS 2016	FIGUEIREDO NETO, J. J. ; DA SILVA, F.J.		
trabalhoCompletoEmCongresso	 	2016		Comportamento Eletromecânico de Monocristais de Ligas a Base de Cobre com Memória de Forma	22º Congresso Brasileiro de Engenharia e Ciência dos Materiais ? 22º CBECiMat 2016	GONZALEZ, Cezar Henrique ; OLIVEIRA, C. A. N. ; ARAÚJO, CARLOS JOSÉ DE ; DIAS, A. ; URTIGA FILHO, Severino Leopoldino		
trabalhoCompletoEmCongresso	 	2016		Influência do Potencial Catódico sobre as Propriedades Mecânicas de uma Junta Soldada Utilizada em Tanques de Armazenamento	22º Congresso Brasileiro de Engenharia e Ciência dos Materiais ? 22º CBECiMat 2016	LIMA JUNIOR, D. R. ; Melo, I. R. ; GONZALEZ, C. H. ; URTIGA FILHO, S. L.		
trabalhoCompletoEmCongresso	 	2016		INFLUÊNCIA DA ADIÇÃO DE METACAULIM NO COMPORTAMENTO MECÂNICO DE BLOCOS DE CONCRETO E NA MINIMIZAÇÃO DE MANIFESTAÇÕES PATOLÓGICAS	Seminário de Patologia e Recuperação Estrutural	LIMA, N. B. D. ; LIMA, N. B.		
trabalhoCompletoEmCongresso	 	2016		Desenvolvimento dos Compósitos Nanoestruturados Al 7075 - 2%SiC, Al 7075 ? 2%TiN, Al 7075 ? 2%ZnO Através de Moagem em Banho de Alcool Isopropílico e Extrusão a Quente	36º SENAFOR ? 6ª Conferência Internacional de Materiais e Processos para Energias Renováveis	LIRA, H. M. ; ARAUJO FILHO, O. O. ; URTIGA FILHO, S. L.		
trabalhoCompletoEmCongresso	 	2016		Cinética de Precipitação de Fases Intermetálicas Deletérias em Aço Inoxidável UNS S32205	22° Congresso Brasileiro de Engenharia e Ciência dos Materiais	MARQUES, I. J. ; SANTOS, T.F.A.		
trabalhoCompletoEmCongresso	 	2016		Análise da Corrosão do Aço API 5L X60 exposto a óleo cru e água do mar	Intercorr 2016	Marquez, M. V. C. ; De MELO, F. A. C. ; VIEIRA, M.R.S ; SILVA, T. V. C. ; Sara H. de Oliveira ; Severino L. Urtiga Filho		
trabalhoCompletoEmCongresso	 	2016		INFLUÊNCIA DA TENSÃO DE SOLDAGEM NO CÁLCULO DE TENSÕES RESIDUAIS ATRAVÉS DO MÉTODO DE DESLOCAMENTO DE PONTOS COORDENADOS (DPC) EM CHAPAS NAVAIS SOLDADAS	22º CBECiMat - Congresso Brasileiro de Engenharia e Ciência dos Materiais	MELO, L. G. T. C. ; ARAUJO FILHO, O. O. ; Ferreira, R.A.S. ; ROLIM, T. L. ; Yadava, Y. P. ; BARROS, P. S. ; MENDES, C. E.		
trabalhoCompletoEmCongresso	 	2016		INFLUÊNCIA DA VELOCIDADE DE SOLDAGEM NO CÁLCULO DE TENSÕES RESIDUAIS ATRAVÉS DO MÉTODO DE DESLOCAMENTO DE PONTOS COORDENADOS (DPC) EM CHAPAS NAVAIS SOLDADAS	22º CBECiMat - Congresso Brasileiro de Engenharia e Ciência dos Materiais	MELO, L. G. T. C. ; ARAUJO FILHO, O. O. ; Ferreira, R.A.S. ; Yadava, Y. P. ; ROLIM, T. L. ; BARROS, P. S. ; MENDES, C. E.		
trabalhoCompletoEmCongresso	 	2016		INFLUÊNCIA DO ÂNGULO DE BISEL NO CÁLCULO DE TENSÕES RESIDUAIS ATRAVÉS DO MÉTODO DE DESLOCAMENTO DE PONTOS COORDENADOS (DPC) EM CHAPAS NAVAIS SOLDADAS	22º CBECiMat - Congresso Brasileiro de Engenharia e Ciência dos Materiais	MELO, L. G. T. C. ; ARAÚJO FILHO, OSCAR OLIMPIO ; Ferreira, R.A.S. ; ROLIM, T. L. ; Yadava, Y. P. ; BARROS, P. S. ; MENDES, C. E.		
trabalhoCompletoEmCongresso	 	2016		Limpeza e Preservação de Interno de Tubulações durante a montagem através de jateamento abrasivo e utilização de inibidor de corrosão	Anais do Intercorr 2016	de Morais, F. O ; VIEIRA, M.R.S ; ARAUJO, E. G. ; Severino L. Urtiga Filho		
trabalhoCompletoEmCongresso	 	2016		REPRODUÇÃO DO EXPERIMENTO DA GOTA SALINA COM CARACTERIZAÇÃO DE MATERIAIS: UMA VISÃO INTERDISCIPLINAR	Congresso Brasileiro de Engenharia e Ciência dos Materiais	MOREIRA, C. V. C. ; VIEIRA, M.R.S		
trabalhoCompletoEmCongresso	 	2016		Planejamento Fatorial como uma Ferramenta para Avaliar a Transformação de Fase Martensítica em uma Liga de Ti-Ni	IX Congresso Nacional de Engenharia Mecânica da Associação Brasileira de Engenharia Mecânica - CONEM 2018	OLIVEIRA, C. A. N.; GONZALEZ, Cezar Henrique ; ALMEIDA, D. M. M. A. ; MOURA, M. L. M.		
trabalhoCompletoEmCongresso	 	2016		Metodologia para Medição de Tomadas e Plugues de Acordo com o Novo Padrão Brasileiro	Congresso Nacional de Engenharia Mecânica	OLIVEIRA, CARLOS AUGUSTO DO N.; Oliveira, José Eduardo ; BANDEIRA, J. M. ; GUEDES, G. S. ; GUIMARAES, P. B. ; ARAUJO, R. P. ; ROLIM, T. L.		
trabalhoCompletoEmCongresso	 	2016		Caracterização eletroquímica da corrosão influenciada pelos micro-organismos no aço API 5L X80 em água produzida	Intercorr 2016	OLIVIERA, E. S. D. ; PEREIRA, R. F. C. ; Silva, Diogo Lins Alves e ; SILVA., A. R. D. ; Andrade Lima M. A. G ; URTIGA FILHO, S. L.		
trabalhoCompletoEmCongresso	 	2016		VIABILIDADE DE IMPLANTAÇÃO DO PROCESSO MIG/MAG EM CURTO-CIRCUITO CONTROLADO PARA PASSES DE RAIZ NA SOLDAGEM DE SPOOLS DE AÇO CARBONO	22º CBECiMat - Congresso Brasileiro de Engenharia e Ciência dos Materiais	PEREIRA, D. H. M. ; PEREIRA, D. H. M. ; ARAUJO FILHO, O. O. ; LIMA, R. R. A.		
trabalhoCompletoEmCongresso	 	2016		ESTUDO DA INFLUÊNCIA DA PURGA PARA TUBULAÇÕES EM AÇO INOXIDÁVEL AUSTENÍTICO SOLDADOS PELO PROCESSO GTAW	22º CBECiMat - Congresso Brasileiro de Engenharia e Ciência dos Materiais	PEREIRA, D. H. M. ; PEREIRA, D. H. M. ; ARAUJO FILHO, O. O. ; LIMA, R. R. A.		
trabalhoCompletoEmCongresso	 	2016		Avaliação da resistência à corrosão de juntas soldadas de aços inoxidáveis superduplex em meio contendo cloretos variando o pH e a temperatura de ensaio	22° Congresso Brasileiro de Engenharia e Ciência dos Materiais	SANTA CRUZ, L. A. ; SILVA, D. L. A. ; URTIGA FILHO, S. L. ; SANTOS, T.F.A.		
trabalhoCompletoEmCongresso	 	2016		Estudo da Fadiga Funcional Superelástica em Atuadores da Liga Ti-Ni com Memória de Forma	22º Congresso Brasileiro de Engenharia e Ciência dos Materiais ? 22º CBECiMat 2016	Silva, K.C.A. ; Silva, L.C. ; OLIVEIRA, C. A. N. ; GONZALEZ, C. H. ; OLIVEIRA, E. S. D. ; SILVA, F. H. S.		
trabalhoCompletoEmCongresso	 	2016		Avaliação da Influência dos Tratamentos Termomecânico nas Transformações Martensíticas numa Liga a Base de Cobre com Memória de Forma	IX Congresso Nacional de Engenharia Mecânica da Associação Brasileira de Engenharia Mecânica - CONEM 2016	SILVA, L. C. S. ; GONZALEZ, C. H. ; OLIVEIRA, C. A. N. ; Silva, K.C.A. ; ARAUJO FILHO, O. O.		
trabalhoCompletoEmCongresso	 	2016		Obtenção de superfícies super-hidrofóbicas em ligas de aluminio 5052 visando o aumento da resistência à corrosão	Intercorr 2016	SILVA, R. F. ; VIIEIRA, M. R. S. ; ARAUJO, E. G. ; BARBOSA, L. R. R. ; ARAUJO FILHO, O. O. ; URTIGA FILHO, S. L.		
trabalhoCompletoEmCongresso	 	2016		TESTE DE ATIVIDADE E EFICÁCIA DE AGENTES BIOCIDAS EM TINTA ACRÍLICA	22º CBECiMat - Congresso Brasileiro de Engenharia e Ciência dos Materiais	SILVA, T. V. A. ; MACIEL, S. H. O. ; VIEIRA, M.R.S ; BRANDAO, I. S. L. ; LIMA, D. V. V.		
trabalhoCompletoEmCongresso	 	2016		Estudo da corrosão em juntas de solda do aço API 5-L X80 em ambiente marinho	Intercorr 2016	VASCONCELOS, E. S. L. ; Andrade Lima M. A. G ; SILVA, P. ; Oliveira S. H. ; URTIGA FILHO, S. L.		
trabalhoCompletoEmCongresso	 	2016		Comportamento em Fadiga Termomecânica de Fios de Liga com Memória de Forma Ni-Ti-Cu	22º Congresso Brasileiro de Engenharia e Ciência dos Materiais ? 22º CBECiMat 2016	VIRGOLINO, F. S. S. ; DIAS, A. ; GONZALEZ, C. H. ; URTIGA FILHO, S. L.		
trabalhoCompletoEmCongresso	 	2015		Síntese e Caracterização de Compósitos de Matriz Metálica da Liga AA 6061 com Reforço de Particulados de Nitreto de Silício e Nitreto de Alumínio Processados através de Técnicas de Metalurgia do do Pó	21º CBECIMAT - Congresso Brasileiro de Engenharia e Ciência dos Materiais	ARAUJO FILHO, O. O. ; Araújo, E.R. ; Sampaio de Sousa, M. M. ; Gonzalez, Cezar Henrique		
trabalhoCompletoEmCongresso	 	2015		Análise de Influência da Utilização de Propriedades Termodependentes na Simulação de Juntas Soldadas	COMSOL Conference 2015	CRUZ, A. ; BOUCHONNEAU, N.		
trabalhoCompletoEmCongresso	 	2015		Influência da Posição e dos Parâmetros de Soldagem TIG Orbital Aplicada a Tubulações de Grande Diâmetro e Parede Espessa em Aço Baixo Carbono nas Características Geométricas dos Cordões	XLI Congresso Nacional de Soldagem (XLI CONSODLA)	FEGUEIROA, D. W. ; PIGOZZO, I. O. ; SILVA, R. H. G. E. ; Santos, T. F. A. ; URTIGA FILHO, S. L.		
trabalhoCompletoEmCongresso	 	2015		ENDURECIMENTO SECUNDÁRIO DO AÇO RÁPIDO AISI M3:2 NOME COMERCIAL SINTER 23 PRODUZIDO POR UMA TÉCNICA DE METALURGIA DO PÓ	70º Congresso Anual da Associação Brasileira de Metalurgia	FERREIRA, A. C. P. ; SANTOS, E. N. ; MESQUITA, A. P. P. ; ARAUJO, E. G. ; Gonzalez, C. H. ; AMBROZIO FILHO, F. ; ARAÚJO FILHO, OSCAR OLIMPIO		
trabalhoCompletoEmCongresso	 	2015		Influência da Posição e dos Parâmetros de Soldagem TIG Orbital Aplicada a Tubulações de Grande Diâmetro e Parede Espessa em Aço Baixo Carbono nas Características Geométricas dos Cordões	XLI Congresso Nacional de Soldagem	FIGUEIROA, D. W. ; PIGOZZO, I. O. ; SILVA, R. H. G. ; SANTOS, T. F. A. ; URTIGA FILHO, S. L.		
trabalhoCompletoEmCongresso	 	2015		BIOCORROSÃO EM CUPONS DE AÇO CARBONO AISI 1020 EXPOSTOS À ÁGUA DO MAR E ÓLEO DIESEL S10/BIODIESEL B6	13ª Conferência sobre Tecnologia de Equipamentos	França F. P. ; Oliveira S. H. ; URTIGA FILHO, S. L. ; Andrade Lima M. A. G		
trabalhoCompletoEmCongresso	 	2015		Influência de um filme de nióbio sobre o comportamento de sulfetação isotérmica a 500 e a 700 C da liga Fe-20Cr	13 Conferência sobre tecnologia de equipamentos e 35 Congresso Brasileiro de Corrosão	GERIBOLA, G. A. ; SILVA JUNIOR, O. P. V. ; SHEIDT, G. ; ARAUJO, E. G. ; PILLIS, M. F.		
trabalhoCompletoEmCongresso	 	2015		Changes in the Thermoelastic Properties Caused by Metal Forming Processes in Ni-Ti Shape Memory AlloysMetal For	23rd ABCM International Congress of Mechanical Engineering December 6-11	GONZALEZ, Cezar Henrique ; OLIVEIRA, C. A. N. ; SILVA, N. J. ; ARAUJO FILHO, O. O. ; DE ARAÚJO, C. J. ; SILVA, K. C. A. ; SILVA, L. C. S.		
trabalhoCompletoEmCongresso	 	2015		Efeitos dos Processos de Conformação Plástica nas Propriedades Termoelásticas numa Liga de Ni-Ti com Memória de Forma	70º Congresso Anual da Associação Brasileira de Metalurgia	Gonzalez, C. H. ; Silva, N. J. ; OLIVEIRA, C. A. N. ; ARAÚJO FILHO, OSCAR OLIMPIO ; URTIGA FILHO, S. L. ; SILVA, L. C. S. ; ARAUJO, C. J.		
trabalhoCompletoEmCongresso	 	2015		CHANGES IN THE THERMOELASTIC PROPERTIES CAUSED BY METAL FORMING PROCESSES IN Ni-Ti SHAPE MEMORY ALLOY	23rd ABCM International Congress of Mechanical Engineering December	GONZALEZ, Cezar Henrique ; ARAÚJO FILHO, OSCAR OLIMPIO DE ; ARAÚJO, CARLOS JOSÉ DE ; SILVA, K. C. A. ; OLIVEIRA, C. A. N.		
trabalhoCompletoEmCongresso	 	2015		FABRICAÇÃO DE COMPÓSITOS DE MATRIZ METÁLICA DA LIGA DE ALUMÍNIO AA1100 COM REFORÇO CERÂMICO DE ÓXIDO DE ZINCO ATRAVÉS DE TÉCNICAS DE METALURGIA DO PÓ	70o. Congresso Anual da ABM	LINS, A. E. P. ; SANTOS, E. N. ; MESQUITA, A. P. P. ; ARAUJO, E. G. ; FERNANDES, L. S. ; ARAÚJO FILHO, OSCAR OLIMPIO		
trabalhoCompletoEmCongresso	 	2015		INFLUENCE OF WELDING PARAMETERS IN CALCULATION OF RESIDUAL STRESS BY USING DCP METHOD IN NAVAL WELDED SHEETS	23rd ABCM International Congress of Mechanical Engineering December 6-11	MELO, L. G. T. C. ; Ferreira, R.A.S. ; MENDES, C. E. ; ARAUJO FILHO, O. O. ; ROLIM, T. L. ; BARROS, P. S. ; GONCALVES, I. L. ; PINA, E. A. C.		
trabalhoCompletoEmCongresso	 	2015		Influence of Welding Parameters in Calculation of Residual Stress by Using DCP Method in Naval Welded Sheets	23rd ABCM International Congress of Mechanical Engineering - COBEM	MELO, L. G. T. C. ; MENDES, C. E. ; PINA, E. A. C. ; ARAUJO FILHO, O. O. ; Ferreira, R.A.S. ; BARROS, P. S.		
trabalhoCompletoEmCongresso	 	2015		CONCENTRAÇÃO MÍNIMA INIBITÓRIA DE AGENTES QUÍMICOS NO CONTROLE DE MICRO-ORGANISMOS AERÓBIOS HETEROTRÓFICOS EM ÁGUA SALINA	13ª Conferência sobre Tecnologia de Equipamentos	Sara H. de Oliveira ; Pulcra Silva ; VIEIRA, M.R.S ; Maria Alice G. de A. Lima ; Urtiga Filho, S. L.		
trabalhoCompletoEmCongresso	 	2015		Thermomechanical Analysis on Ti-Ni Shape Memory Helical Springs under Cyclic Tensile Loads	21º Congresso Brasileiro de Engenharia e Ciência dos Materiais ? 21º CBECiMat 2014	OLIVEIRA, C. A. N. ; GONZALEZ, C. H. ; ARAUJO FILHO, O. O. ; MENDOZA, E. N. ; López Cuéllar, E.M.		
trabalhoCompletoEmCongresso	 	2015		DEVELOPMENT OF A DEVICE TO STUDY FUNCTIONAL FATIGUE ON TI-NI SHAPE MEMORY ALLOY	23rd ABCM International Congress of Mechanical Engineering December 6-11	OLIVEIRA, C. A. N. ; SILVA, K. C. A. ; ARAUJO FILHO, O. O. ; PINA, E. A. C. ; Gonzalez, C. H. ; ROCHA, J. O. S.		
trabalhoCompletoEmCongresso	 	2015		Determinação do Ciclo Térmico de Soldagem na Liga de Alumínio AA 5056	X CONNEPI - Congresso Norte-Nordeste de Pesquisa e Inovação	OLIVEIRA, C. A. N.; GUIMARÃES, PABLO BATISTA ; ANTONINO, T. S.		
trabalhoCompletoEmCongresso	 	2015		DEVELOPMENT OF A DEVICE TO STUDY THE FUNTIONAL FATIGUE IN A TI-NI SHAPE MEMORY ALLOY	23rd ABCM International Congress of Mechanical Engineering - COBEM2015	OLIVEIRA, C. A. N.; SILVA, K. C. A. ; ROCHA, José Orlando ; GONZALEZ, Cezar Henrique ; PINA, Euclides Apolinaire Cabral de ; ARAUJO FILHO, O. O.		
trabalhoCompletoEmCongresso	 	2015		A NEW PROCEDURE FOR AUTOMATIC DATA FILTERING, MESH GENERATION AND FE ANALYSIS OF REAL COMPLEX CORROSION DEFECTS IN PIPELINES	Rio Pipeline 2015	PIMENTEL, J. ; Bouchonneau, Nadège ; MOTTA, R. ; Bastos, S. M. ; WILLMERSDORF, R. ; LYRA, P. ; ANDRADE, E.		
trabalhoCompletoEmCongresso	 	2015		Soldagem por atrito com pino não consumível de aços inoxidáveis duplex	XLI Congresso Nacional de Soldagem	SANTOS, T. F. A.; FONSECA, E. B. ; TORRES, E.A. ; RAMIREZ, A.J.		
trabalhoCompletoEmCongresso	 	2015		Desenvolvimento de Dispositivo para Avaliar a Fadiga Funcional de ligas de Ti-Ni com Memória de Formai	70º Congresso Anual da Associação Brasileira de Metalurgia	SILVA, K. C. A. ; OLIVEIRA, C. A. N. ; ROCHA, J. O. S. ; Gonzalez, C. H. ; ARAÚJO FILHO, OSCAR OLIMPIO ; ROLIM, T. L. ; SILVA, F. H. S.		
trabalhoCompletoEmCongresso	 	2015		Estudo das propriedades de uma liga Ni-Ti com efeito de memória de forma submetida a ECAE e tratada termicamente	21º Congresso Brasileiro de Engenharia e Ciência dos Materiais ? 21º CBECiMat 2014	SILVA, N. J. ; OLIVEIRA, C. A. N. ; GONZALEZ, C. H. ; DE ARAÚJO, C. J. ; Alves, K. G. B.		
resumoExpandidoEmCongresso	 	2019	Ana#769;lise comparativa de custos entre emulso#771;es a base de o#769;leo vegetal e o#769;leo mineral em operac#807;o#771;es de usinagem	III MEMU - Mostra de Engenharia de Materiais da UFPE, 2019, Recife. III MEMU - Mostra de Engenharia de Materiais da UFPE	LIMA JUNIOR, J. S. ; DA SILVA, F.J.		
resumoExpandidoEmCongresso	 	2019	Propriedades meca#770;nicas de ac#807;os tratados termicamente por processos crioge#770;nicos	III MEMU - Mostra de Engenharia de Materiais da UFPE, 2019, Recife. III MEMU - Mostra de Engenharia de Materiais da UFPE	SANTOS, Y. L. ; DA SILVA, F.J.		
resumoExpandidoEmCongresso	 	2018	Fabricação e avaliação da propriedade de autolimpeza de revestimentos super-hidrofóbicos desenvolvidos em liga de alumínio 5052	VI Encontro da Rede de Cooperação em Pesquisa, Desenvolvimento e Inovação em Materiais e Equipamentos para o setor industrial Brasileiro, 2018, João Pessoa/PB. VI Encontro Rede PDIMat	ARAUJO, W. D. ; DA SILVA, RAFAEL G.C. ; VIEIRA, M.R.S ; URTIGA FILHO, SEVERINO LEOPOLDINO		
resumoExpandidoEmCongresso	 	2017	Estudo do Aumento de Dureza se Uma Liga de Alumínio com 5,5% de Cobre Produzida Via Metalurgia do Pó	II Mostra de Engenharia de Materiais da UFPE, 2017, Recife. II Mostra de Engenharia de Materiais da UFPE. Recife: Editora UFPE	Araújo, E.R. ; Gonzalez, C. H. ; ARAÚJO FILHO, OSCAR OLIMPIO ; SILVA, T. T. L.		
resumoExpandidoEmCongresso	 	2017	HIDROGÉIS DE GELATINA METACRILATO INCORPORADOS COM NANOCRISTAIS DE CELULOSE PARA BIOFABRICAÇÃO 3D	14º Congresso Brasileiro de Polímeros, 2017, Águas de Lindóia - SP. 14º Congresso Brasileiro de Polímeros	BELLANI, C. F. ; Morelli, Carolina L. ; KHADEMHOSSEINI, A. ; BRANCIFORTI, MÁRCIA C.		
resumoExpandidoEmCongresso	 	2017	Síntese eletroquímica da MOF Cu-BDC e seu potencial como carreador de fármaco	II Mostra de Engenharia de Materiais da UFPE, 2018, Recife. Anais da II Mostra de Engenharia de Materiais da UFPE. Recife: Even3	FONSECA, J. D. S. ; Joanna Elzbieta Kulesza ; Barros, B. S. ; MONTEIRO, A. F. F.		
resumoExpandidoEmCongresso	 	2017	Caracterização do desgaste e mecanismos de desgaste em pastilhas de freios utilizadas por veículos Mini Baja SAE em campo	II Mostra de Engenharia de Materiais da UFPE, 2017, Recife. II Mostra de Engenharia de Materiais da UFPE	FRANCA, T. S. ; DA SILVA, F.J.		
resumoExpandidoEmCongresso	 	2017	Redes metalorgânicas à base de titânio (Ti-MOFs): um desafio inovador	II Mostra de Engenharia de Materiais da UFPE, 2017, Recife. Anais da II Mostra de Engenharia de Materiais da UFPE,. Recife	MOREIRA, C. V. C. ; BARROS, B.S.		
resumoExpandidoEmCongresso	 	2017	Luminescence processes in lower-rim substituted calix[4]arene-based hubrid materials	18th International Conference on Luminescence - ICL, 2017, João Pessoa. Program Book of ICL 2017	NASCIMENTO, J. F. S. ; LINS, I. M. S. ; OLIVEIRA, M. A. ; Barros, B S ; Kulesza, J.		
resumoExpandidoEmCongresso	 	2017	Gd-MOFs doped with Eu3+: synthesis, structure and photophysical properties	18th International Conference on Luminescence, 2017, João Pessoa. Program Bookf of ICL 2017	NASCIMENTO, J. F. S. ; OLIVEIRA, J. B. L. ; KULESZA, JOANNA ; ALVES JÚNIOR, Severino ; Barros, B S		
resumoExpandidoEmCongresso	 	2017	Síntese e caracterização de polímero de coordenação à base de calix[4]areno modificado e sua utilização na adsorção de BTEX	II Mostra de Engenharia de Materiais da UFPE, 2018, Recife. Anais da II Mostra de Engenharia de Materiais da UFPE.. Recife: Even3	OLIVEIRA, M. A. ; Joanna Elzbieta Kulesza ; FROS., A. C. O. ; Barros, B. S.		
resumoExpandidoEmCongresso	 	2017	Aplicação do Modelo RM1 com Orbitais para a Predição da Configuração Estrutural de Complexos Ternários de Térbio(III) de Ligantes Não-Iônicos Mistos	3º Simpósio Nordestino de Química - SINEQUI, 2017, Campina Grande. Anais do 3º Simpósio Nordestino de Química - SINEQUI	SANTOS, A. E. ; FEIJO, E. J. M. V. C. ; LIMA, N. B.		
resumoExpandidoEmCongresso	 	2017	Abrasão dos aços AISI D2 e H13 em um abrasômetro do tipo roda de borracha configuração vertical com areia da areia NBR 7412 N100	II Mostra de Engenharia de Materiais da UFPE, 2017, Recife. II Mostra de Engenharia de Materiais da UFPE	SANTOS, M. V. ; DA SILVA, F.J.		
resumoExpandidoEmCongresso	 	2015	Análise das propriedades termodinâmicas das reações de dissociação de água dos complexos mistos Ln(DBM)3(L,H2O)	55° Congresso Brasileiro de Química, 2015, Goiania/GO. Anais do 55° Congresso Brasileiro de Química	FERRAZ, T. B. ; LIMA, N. B.		
resumoExpandidoEmCongresso	 	2015	Degradation of carbon steel AISI 1020 coupons immersed in blends containing 90% Diesel B6 and 10% Seawater, and 90% Diesel B30 and 10% Seawater	VI International Conference on Environmental, Industrial and Applied Microbiology - BioMicroWorld2015, 2015, Barcelona. Proceedings of the VI International Conference on Environmental, Industrial and Applied Microbiology - BioMicroWorld 2015	FERREIRA, F. G. D. ; Oliveira S. H. ; SILVA, P. ; Andrade Lima M. A. G ; URTIGA FILHO, S. L.		
resumoExpandidoEmCongresso	 	2015	Magnetic and Fluorescent Polystyrene/tetraphenylporphyrin/maghemite nanocomposites for the photoinactivation of pathogenic bacteria	XIV Brazilian MRS Meeting, 2015, Rio de Janeiro. XIV Brazilian MRS Meeting	Juan C. M. Llamas ; GUAJARDO, A. E. C. ; MAQUEIRA, L. E. ; ALCARAZ-ESPINOZA, J. J. ; ARAÚJO, TIAGO L. ; VINHAS, G. M. ; RODRIGUES, A. R. ; ALVES, K. G. B ; de MELO, C. P.		
resumoExpandidoEmCongresso	 	2015	Theoretical thermodynamics of the synthesis of Eu(TTA)3(RSOR,TPPO) complexes by substitution reactions	38º Reunião da Sociedade Brasileira de Química, 2015, Águas de Lindóia/SP. Anais da 38º Reunião da Sociedade Brasileira de Química	ROSADO, I. D. M. S. ; LOPES JUNIOR, C. E. ; CASTRO JUNIOR, G. P. ; SILVA, A. I. S. ; LIMA, N. B.		
resumoExpandidoEmCongresso	 	2015	Um estudo sobre as propriedades termodinâmicas da síntese dos complexos [Eu(FEN)nCl2(H2O)m]+	1º SINEQUI, 2015, Natal. Anais do 1º SINEQUI	SILVA, D. G. ; SILVA, A. I. S. ; LIMA, N. B.		
resumoExpandidoEmCongresso	 	2015	Aspectos termodinâmicos da reação de tautomerização da ftalimida via complexos de ligação de hidrogênio	No 55° Congresso Brasileiro de Química, 2015, Goiania/GO. Anais do 55° Congresso Brasileiro de Química	SILVA, H. H. S. D. ; LIMA, N. B. ; MOURA, G. L. C.		
resumoExpandidoEmCongresso	 	2015	Previsão computacional da síntese dos complexos luminescentes Eu(TTA)3(L)2 a partir dos intermediários Eu(L)4Cl3(H2O)n	1° SINEQUI, 2015, Natal. Anais do 1° SINEQUI	SILVA, R. R. ; SILVA, A. I. S. ; SILVA, D. G. ; LIMA, N. B.		
resumoExpandidoEmCongresso	 	2015	Avaliação da espontaneidade da reação de substituição de ligantes H2O do complexo [EuCl2(H2O)6]+ por ligantes TPPO	55° Congresso Brasileiro de Química, 2015, Goiania/GO. Anais do 55° Congresso Brasileiro de Química	SILVA, R. R. ; SILVA, A. I. S. ; SILVA, D. G. ; LIMA, N. B.		
resumoExpandidoEmCongresso	 	2015	Atividades do grupo PET Química da UFPE: visitações e química na cozinha	ENEPET 2015, 2015, Salvador/BA. Anais do ENEPET 2015	SOUZA, B. A. S. ; S.MELO, L. L. L. ; PEIXOTO, A. C. ; SILVA, I. A. ; LIMA, N. B.		
