artigoEmPeriodico	 	2019	1073-5623	http://dx.doi.org/10.1007/s11661-019-05293-y	Predominant Solidification Modes of 316 Austenitic Stainless Steel Coatings Deposited by Laser Cladding on 304 Stainless Steel Substrates	METALLURGICAL AND MATERIALS TRANSACTIONS A-PHYSICAL METALLURGY AND MATERIALS SCIENCE	APOLINARIO, L. H. R. ; WALLERSTEIN, D. ; MONTEALEGRE, M. A. ; URTIGA FILHO, S. L. ; TORRES, E. A. ; HERMENEGILDO, T. F. C. ; SANTOS, T. F. A.		
artigoEmPeriodico	 	2019	1678-4553	http://dx.doi.org/10.1590/0366-69132019653752683	Chemical conversion of a solid body of the composite gypsum/polyhydroxybutyrate in hydroxyapatite/polyhydroxybutyrate	CERÂMICA	BARBOSA, A. A. ; A. JÚNIOR, S. ; DANTAS, A. C. S. ; FERRAZ, A. V.		
artigoEmPeriodico	 	2019	0884-2914	http://dx.doi.org/10.1557/jmr.2019.139	Study of a luminescent and antibacterial biomaterial based on hydroxyapatite as support for an antineoplastic drug	JOURNAL OF MATERIALS RESEARCH	BARBOSA, AMANDA ALVES ; Júnior, Severino Alves ; DE VASCONCELOS FERRAZ, ANDRÉA		
artigoEmPeriodico	 	2019	1678-5878	http://dx.doi.org/10.1007/s40430-019-1674-2	Failure pressure prediction of corroded pipes under combined internal pressure and axial compressive force	Journal of the Brazilian Society of Mechanical Sciences and Engineering	BRUÈRE, VIVIANNE M. ; BOUCHONNEAU, N. ; MOTTA, R. ; AFONSO, S. ; WILLMERSDORF, R. ; LYRA, P. ; TORRES, J. ; ANDRADE, E. ; CUNHA, D.		
artigoEmPeriodico	 	2019	1388-0764	http://dx.doi.org/10.1007/s11051-018-4422-0	Surface modification strategy based on the conjugation of NaYF4:5%Eu luminescent nanoprobe with organic aromatic compounds for application in bioimaging assays	JOURNAL OF NANOPARTICLE RESEARCH	DA SILVA VIANA, RODRIGO ; DE MASCENA COSTA, LUCIANA AMARAL ; LEAL, ANDRESSA N. R. ; WILLIAMS, TYRSLAI M. ; LUAN, LIQUIAN ; ZHANG, GUANYU ; WANG, MAODIE ; HARMON, ASHLYN C. ; DOS ANJOS, JANAINA V. ; CUETO, RAFAEL ; FILHO, MANOEL ADRIÃO GOMES ; FALCÃO, EDUARDO H. L. ; VICENTE, MARIA G. H. ; Junior, Severino A. ; MATHIS, J. MICHAEL		
artigoEmPeriodico	 	2019	0257-8972	http://dx.doi.org/10.1016/j.surfcoat.2019.04.040	Effect of initial surface treatment on obtaining a superhydrophobic surface on 5052 aluminum alloy with enhanced anticorrosion properties	SURFACE & COATINGS TECHNOLOGY	DA SILVA, RAFAEL G.C. ; VIEIRA, MAGDA R.S. ; MALTA, MARIA I.C. ; DA SILVA, CARLOS H. ; DE OLIVEIRA, SARA H. ; FILHO, SEVERINO L.U.		
artigoEmPeriodico	 	2019	0022-4596	http://dx.doi.org/10.1016/j.jssc.2019.05.008	Design of new europium-doped luminescent MOFs for UV radiation dosimetric sensing	JOURNAL OF SOLID STATE CHEMISTRY	DE ASSIS, SUELLE G.F. ; SANTOS, GUILHERME C. ; SANTOS, ARTHUR B.S. ; FALCÃO, EDUARDO H.L. ; DA SILVA VIANA, RODRIGO ; JUNIOR, SEVERINO ALVES		
artigoEmPeriodico	 	2019	0032-3861	http://dx.doi.org/10.1016/j.polymer.2019.121767	Fine tuning of polymer content for enhanced structure and luminescent properties of Eu3+:siloxane-poly(methyl methacrylate) hybrids to be applied in photonics	POLYMER	DE JESUS, FILIPE AUGUSTO ; SANTANA, BARBARA VASCONCELOS ; CUNHA BISPO, GIORDANO FREDERICO ; DA SILVA FILHO, CÍCERO INÁCIO ; Júnior, Severino Alves ; GIROLDO VALERIO, MÁRIO ERNESTO ; ALMEIDA CAIUT, JOSÉ MAURÍCIO ; VITORINO SARMENTO, VICTOR HUGO		
artigoEmPeriodico	 	2019	1144-0546	http://dx.doi.org/10.1039/c8nj06420b	Rapid and efficient electrochemical synthesis of a zinc-based nano-MOF for Ibuprofen adsorption	NEW JOURNAL OF CHEMISTRY	DE LIMA NETO, OTÁVIO JOSÉ ; FRÓS, ALLANA CHRISTINA DE OLIVEIRA ; BARROS, BRÁULIO SILVA ; DE FARIAS MONTEIRO, ARTHUR FELIPE ; KULESZA, JOANNA		
artigoEmPeriodico	 	2019	0020-1693	http://dx.doi.org/10.1016/j.ica.2019.04.031	Selective adsorption of BTEX on calixarene-based molecular coordination network determined by 13C NMR spectroscopy	INORGANICA CHIMICA ACTA	DE OLIVEIRA FRÓS, ALLANA CHRISTINA ; DE OLIVEIRA, MARIA ALAIDE ; MACÊDO SOARES, ANTONIA ALICE ; HALLWASS, Fernando ; CHOJNACKI, JAROSLAW ; BARROS, BRÁULIO SILVA ; Júnior, Severino Alves ; Kulesza, Joanna		
artigoEmPeriodico	 	2019	2238-7854	http://dx.doi.org/10.1016/j.jmrt.2017.10.009	Blocking of factorial experiments in galvanized wire zinc weight test	Journal of Materials Research and Technology-JMR&T	FERNANDES, LUCAS SONEGO ; FIGUEIREDO, JOSÉ DEMÉTRIO LEITE DE ; FILHO, OSCAR OLÍMPIO DE ARAÚJO ; ARAÚJO, EDVAL GONÇALVES DE		
artigoEmPeriodico	 	2019	0167-7322	http://dx.doi.org/10.1016/j.molliq.2018.11.084	Preparation and characterization of polypyrrole/organophilic montmorillonite nanofibers obtained by electrospinning	JOURNAL OF MOLECULAR LIQUIDS	JÚNIOR, LINDEMBERGUE P.C. ; SILVA, DÁFENES B.R. DOS S. ; DE AGUIAR, MAURÍCIO F. ; de Melo, Celso P. ; ALVES, KLEBER G.B.		
artigoEmPeriodico	 	2019	0925-3467	http://dx.doi.org/10.1016/j.optmat.2019.109332	Tb3+/Pr3+ co-doped ZnMoO4 phosphor with tunable photoluminescence and energy transfer processes	OPTICAL MATERIALS	LOVISA, L.X. ; FERNANDES, Y.L.R.L. ; GARCIA, L.M.P. ; BARROS, B.S. ; Longo, E. ; PASKOCIMAS, C.A. ; BOMIO, M.R.D. ; MOTTA, F.V.		
artigoEmPeriodico	 	2019	0026-265X	http://dx.doi.org/10.1016/j.microc.2019.104037	Luminescent sensors for nitroaromatic compound detection: Investigation of mechanism and evaluation of suitability of using in screening test in forensics	MICROCHEMICAL JOURNAL	MAURICIO, FILIPE GABRIEL MARTINEZ ; SILVA, JOSÉ YAGO RODRIGUES ; TALHAVINI, MÁRCIO ; Júnior, Severino Alves ; WEBER, INGRID TÁVORA		
artigoEmPeriodico	 	2019	2230-8407		OPTICAL PROPERTIES PYRIMIDINE DERIVATIVES: EFFECT OF ELECTRON-DONOR/ACCEPTOR SUBSTITUENTS IN MOLECULAR TOPOLOGY	International research journal of pharmacy	MONTE, Z. S. ; LUZ, L. L. ; MAURICIO, FILIPE GABRIEL MARTINEZ ; WEBER, I. T. ; Silva R. O. ; JUNIOR, S. ALVES ; FALCAO, E. P. S. ; MELO, S. J.		
artigoEmPeriodico	 	2019	1678-5169	http://dx.doi.org/10.1590/0104-1428.04018	Gamma irradiation effects on polycaprolactone/zinc oxide nanocomposite films	Polímeros: ciência e Tecnologia	PAULA, MARCOS ; DIEGO, IVO ; DIONISIO, RONALDO ; VINHAS, GLÓRIA ; Alves, Severino		
artigoEmPeriodico	 	2019	1517-7076	http://dx.doi.org/10.1590/s1517-707620190001.0658	Performance evaluation of NiCo2O4 spinel as a catalyst for partial oxidation of methane	Materia-Rio de Janeiro	PERES, ANA PAULA DA SILVA ; LIMA, ANDRÉIA CAVALCANTE DE ; BARROS, Bráulio Silva ; RUIZ, JUAN ALBERTO CHAVEZ ; MELO, Dulce Maria de Araújo		
artigoEmPeriodico	 	2019	0022-2313	http://dx.doi.org/10.1016/j.jlumin.2019.01.007	Photostable soft materials with tunable emission based on sultone functionalized ionic liquid and lanthanides ions	JOURNAL OF LUMINESCENCE	RAMOS, TALITA J.S. ; BERTON, GUILHERME H. ; Júnior, Severino A. ; CASSOL, TANIA M.		
artigoEmPeriodico	 	2019	2045-2322	http://dx.doi.org/10.1038/s41598-019-43835-x	Photoluminescent organisms: how to make fungi glow through biointegration with lanthanide metal-organic frameworks	Scientific Reports	ROSÁRIO, JEFERSON ; DA LUZ, LEONIS L. ; GERIS, REGINA ; RAMALHO, JÉSSICA G. S. ; DA SILVA, ANTÔNIO F. ; Júnior, Severino Alves ; MALTA, MARCOS		
artigoEmPeriodico	 	2019	1674-4799	http://dx.doi.org/10.1007/s12613-019-1790-0	Effect of high anodic polarization on the passive layer properties of superduplex stainless steel friction stir welds at different chloride electrolyte pH values and temperatures	International Journal of Minerals Metallurgy and Materials	SANTA CRUZ, L. A. ; MACHADO, G. ; VICENTE, A. A. ; HERMENEGILDO, T.F.C. ; SANTOS, T. F. A.		
artigoEmPeriodico	 	2019	2192-9262	http://dx.doi.org/10.1007/s13632-018-0506-6	Corrosion Evaluation of Duplex and Superduplex Stainless Steel Friction Stir Welds Using Potentiodynamic Measurements and Immersion Tests in Chloride Environments	METALLOGRAPHY, MICROSTRUCTURE, AND ANALYSIS (PRINT)	SANTA CRUZ, LARISSA A. ; MARQUES, IGOR J. ; URTIGA FILHO, SEVERINO L. ; HERMENEGILDO, TAHIANA F. C. ; SANTOS, TIAGO F. A.		
artigoEmPeriodico	 	2019	1517-7076	http://dx.doi.org/10.1590/s1517-707620190001.0640	Influência da adição de Sn na resistência à corrosão e na capacidade de recarga da liga Pb-1,5%Sn para grade positiva de baterias chumbo-ácido	Materia-Rio de Janeiro	SANTOS, ABDIAS GOMES DOS ; VIEIRA, MAGDA ROSÂNGELA SANTOS ; URTIGA FILHO, SEVERINO LEOPOLDINO ; SILVA, Flávio José da		
artigoEmPeriodico	 	2019	0254-0584	http://dx.doi.org/10.1016/j.matchemphys.2019.121737	Coordination polymer-derived CuO catalysts for oxidative degradation of methylene blue	MATERIALS CHEMISTRY AND PHYSICS	SILVA JUNIOR, O.J. ; MONTEIRO, A.F.F. ; OLIVEIRA, J.B.L. ; ARAÚJO, A.M.U. ; SILVA, D.G. ; KULESZA, J. ; BARROS, B.S.		
artigoEmPeriodico	 	2019	1350-6307	http://dx.doi.org/10.1016/j.engfailanal.2019.01.009	Structural integrity analysis of pipelines with interacting corrosion defects by multiphysics modeling	ENGINEERING FAILURE ANALYSIS	SILVA, E. S. ; PAIVA, V. M. B. C. ; Bastos, S. M. ; WILLMERSDORF, R. ; LYRA, P. ; BOUCHONNEAU, N.		
artigoEmPeriodico	 	2019	0928-4931	http://dx.doi.org/10.1016/j.msec.2019.04.078	A thermo-responsive adsorbent-heater-thermometer nanomaterial for controlled drug release: (ZIF-8,EuxTby)@AuNP core-shell	Materials Science & Engineering C-Materials for Biological Applications	SILVA, JOSÉ YAGO R. ; PROENZA, YAICEL G. ; DA LUZ, LEONIS L. ; DE SOUSA ARAÚJO, SILVANY ; FILHO, MANOEL ADRIÃO GOMES ; JUNIOR, SEVERINO ALVES ; Soares, Thereza A. ; LONGO, RICARDO L.		
artigoEmPeriodico	 	2019	2238-7854	http://dx.doi.org/10.1016/j.jmrt.2018.11.009	Study of the high temperature oxidation and Kirkendall porosity in dissimilar welding joints between FE-CR-AL alloy and stainless steel AISI 310 after isothermal heat treatment at 1150 °C in air	Journal of Materials Research and Technology-JMR&T	VICENTE, ANDRÉ DE ALBUQUERQUE ; MORENO, JOAO ROBERTO SARTORI ; ESPINOSA, DENISE CROCCE ROMANO ; SANTOS, TIAGO FELIPE DE ABREU ; TENÓRIO, JORGE ALBERTO SOARES		
artigoEmPeriodico	 	2019	0925-8388	http://dx.doi.org/10.1016/j.jallcom.2018.10.136	Nucleation and growth of graphite particles in ductile cast iron	JOURNAL OF ALLOYS AND COMPOUNDS	VICENTE, ANDRÉ DE ALBUQUERQUE ; SARTORI MORENO, JOÃO ROBERTO ; SANTOS, TIAGO FELIPE DE ABREU ; ESPINOSA, DENISE CROCCE ROMANO ; TENÓRIO, JORGE ALBERTO SOARES		
artigoEmPeriodico	 	2018	1759-9660	http://dx.doi.org/10.1039/c8ay01341a	NIR hyperspectral images for identification of gunshot residue from tagged ammunition	Analytical Methods	ALBINO DE CARVALHO, MARCELA ; TALHAVINI, MARCIO ; PIMENTEL, MARIA FERNANDA ; AMIGO, JOSÉ MANUEL ; PASQUINI, CELIO ; JUNIOR, SEVERINO ALVES ; WEBER, INGRID TÁVORA		
artigoEmPeriodico	 	2018	1980-5373	http://dx.doi.org/10.1590/1980-5373-mr-2017-0779	Study on Effect of EAFD Particulate Reinforcement in a AA7075 Aluminum Matrix Composites	Materials Research-Ibero-american Journal of Materials	ALVES, E. O. ; AMARO, D. R. A. ; SILVA, E. C. O. ; ARAÚJO FILHO, OSCAR OLIMPIO ; Gonçalves, KAB		
artigoEmPeriodico	 	2018	2365-6549	http://dx.doi.org/10.1002/slct.201801423	Metal-Organic Framework Nanocrystals	ChemistrySelect	BARROS, BRÁULIO SILVA ; DE'LIMA'NETO, OTÁVIO JOSÉ ; DE'OLIVEIRA'FRÓS, ALLANA CHRISTINA ; KULESZA, JOANNA		
artigoEmPeriodico	 	2018	1984-9710		Polimerização da Anilina com Argila Montmorilonita Modificada e Avaliação da Condutividade do Nanocompósito Produzido	CIENTEC: Revista de ciência,tecnologia e humanidades do IFPE	COSTA JUNIOR, L. P. ; SILVA, D. B. R. S. ; AGUIAR, M. F. ; ALVES, K.G.B.		
artigoEmPeriodico	 	2018	0008-5472	http://dx.doi.org/10.1158/1538-7445.am2018-5877	Abstract 5877: Antitumor activity of the mesoionic compound MI H 2.4 on breast cancer cell lines	CANCER RESEARCH	COSTA, LUCIANA AMARAL DE MASCENA ; LIMA, FILIPE CÁSSIO SILVA DE ; VIANA, RODRIGO DA SILVA ; ARAUJO, SILVANY DE SOUSA ; WISCHRAL, AUREA ; SOUZA, HELIVALDO DIÓGENES DA SILVA ; ATHAYDE-FILHOA, PETRÔNIO FILGUEIRAS DE ; AZEVEDO, LEANDRO ARAÚJO DE ; Júnior, Severino Alves ; ADRIÃO, MANOEL ; MATHIS, J. MICHAEL		
artigoEmPeriodico	 	2018	0167-7322	http://dx.doi.org/10.1016/j.molliq.2018.09.066	Multifunctional polyaniline hybrid nanofiber with YVO4 (Er2%;Yb8%)	JOURNAL OF MOLECULAR LIQUIDS	DE LIMA, A.R.F. ; DE MELO, E.F. ; MELO, C.P. ; ALVES, K.G.B.		
artigoEmPeriodico	 	2018	1359-8368	http://dx.doi.org/10.1016/j.compositesb.2018.10.050	Effects of hybridization on the mechanical properties of composites reinforced by piassava fibers tissue	COMPOSITES PART B-ENGINEERING	DE OLIVEIRA FILHO, GENILSON CUNHA ; DE SOUSA MOTA, RUI CARLOS ; DA CONCEICAO, ANA CLAUDIA RANGEL ; LEAO, MIRTANIA ANTUNES ; DE ARAUJO FILHO, OSCAR OLIMPIO		
artigoEmPeriodico	 	2018	1144-0546	http://dx.doi.org/10.1039/c7nj04625a	Solid-state tunable photoluminescence in Gadolinium-Organic Frameworks: effect of the Eu3+ content and co-doping with Tb3+	NEW JOURNAL OF CHEMISTRY	DO NASCIMENTO, JARLEY FAGNER SILVA ; DE ARAÚJO, ANTONIO MARCOS URBANO ; KULESZA, JOANNA ELZBIETA ; DE FARIAS MONTEIRO, ARTHUR FELIPE ; Júnior, Severino Alves ; BARROS, BRÁULIO		
artigoEmPeriodico	 	2018	1806-3691	http://dx.doi.org/10.1007/s40430-018-1372-5	Effect of the energy input on the microstructure and mechanical behavior of AA2024-T351 joint produced by friction stir welding	JOURNAL OF THE BRAZILIAN SOCIETY OF MECHANICAL SCIENCES AND ENGINEERING (ONLINE)	DO VALE, NATÁLIA LOPES ; TORRES, EDWAR ANDRÉS ; Santos, Tiago Felipe de Abreu ; URTIGA FILHO, SEVERINO LEOPOLDINO ; DOS SANTOS, JORGE F.		
artigoEmPeriodico	 	2018	1980-5373	http://dx.doi.org/10.1590/1980-5373-mr-2017-0066	Biocorrosion on Surface of ASTM A283 Carbon Steel, Exposed in Diesel S10 and Tap Water	MATERIALS RESEARCH	FRAZÃO, DIANA MAGALHÃES ; Melo, Ivanilda Ramos de ; MONTOYA, MAXIME ; Urtiga Filho, Severino Leopoldino		
artigoEmPeriodico	 	2018	2005-4149	http://dx.doi.org/10.1007/s12540-018-0111-x	Microstructural Evolution of HSLA ISO 3183 X80M (API 5L X80) Friction Stir Welded Joints	Metals and Materials International	HERMENEGILDO, TAHIANA F. C. ; SANTOS, TIAGO F. A. ; TORRES, EDWAR A. ; AFONSO, CONRADO R. M. ; RAMIREZ, ANTONIO J.		
artigoEmPeriodico	 	2018	0925-8388	http://dx.doi.org/10.1016/j.jallcom.2018.07.339	White light emission from single-phase Y 2 MoO 6 : xPr 3+ (x= 1, 2, 3 and 4-mol%) phosphor	JOURNAL OF ALLOYS AND COMPOUNDS	LOVISA, L.X. ; SANTIAGO, A.A.G. ; FARIAS, M.B. ; BARROS, B.S. ; Longo, E. ; LI, M.S. ; PASKOCIMAS, C.A. ; BOMIO, M.R.D. ; MOTTA, F.V.		
artigoEmPeriodico	 	2018	0026-265X	http://dx.doi.org/10.1016/j.microc.2018.09.013	Ammunition encoding by means of co-doped luminescent markers	MICROCHEMICAL JOURNAL	LUCENA, M.A.M. ; AROUCA, A.M. ; TALHAVINI, M. ; ALVES-JÚNIOR, S. ; WEBER, I.T.		
artigoEmPeriodico	 	2018	2412-5954		Comparative Study of API 5L X60 and ASTM 572 Gr50 Steel Exposed to Crude Oil and Seawater	Mechanics, Materials Science & Engineering	MARQUEZ, M. V. C. ; CIRINO, J. A. ; VIEIRA, Magda. R. S. ; URTIGA FILHO, S. L.		
artigoEmPeriodico	 	2018	0959-6526	http://dx.doi.org/10.1016/j.jclepro.2017.10.297	A review on wind turbine control and its associated methods	JOURNAL OF CLEANER PRODUCTION	NOVAES MENEZES, EDUARDO JOSÉ ; ARAÚJO, ALEX MAURÍCIO ; BOUCHONNEAU DA SILVA, NADÈGE SOPHIE		
artigoEmPeriodico	 	2018	0103-5053	http://dx.doi.org/10.21577/0103-5053.20180087	Metal Organic Frameworks for Selective Degradation of Amoxicillin in Biomedical Wastes	JOURNAL OF THE BRAZILIAN CHEMICAL SOCIETY	PAULA, MARCOS ; BARROS, AMANDA ; WANDERLEY, KALINE ; DE SÁ, GILBERTO ; EBERLIN, MARCOS ; SOARES, THEREZA ; Alves Jr., Severino		
artigoEmPeriodico	 	2018	0167-577X	http://dx.doi.org/10.1016/j.matlet.2018.07.033	Synthesis of luminescent gel-like materials based on glutamate and neodymium(III)	MATERIALS LETTERS	RIOS, NATHALIA P.S.M. ; DE AZEVEDO, LEANDRO A. ; NEVES, ROBERTA C.S. ; Alves Júnior, Severino ; FALCÃO, EDUARDO H.L.		
artigoEmPeriodico	 	2018	1615-9306	http://dx.doi.org/10.1002/jssc.201700812	Characterization and application of a lanthanide-based metal-organic framework in the development and validation of a matrix solid-phase dispersion procedure for pesticide extraction on peppers (Capsicum annuum L.) with gas chromatography-mass spectrometr	JOURNAL OF SEPARATION SCIENCE	Santos Barreto, Alysson ; DE CÁSSIA DA SILVA ANDRADE, PAULA ; MEIRA FARIAS, JÉSSICA ; MENEZES FILHO, ADALBERTO ; FERNANDES DE SÁ, GILBERTO ; Alves Júnior, Severino		
artigoEmPeriodico	 	2018	0103-5053	http://dx.doi.org/10.21577/0103-5053.20180218	New Composites CP@AC Based on Lanthanide Succinates	JOURNAL OF THE BRAZILIAN CHEMICAL SOCIETY	SANTOS, GUILHERME ; DE OLIVEIRA, CARLOS ; DA SILVA, FAUSTHON ; Alves Jr., Severino		
artigoEmPeriodico	 	2018	1477-9226	http://dx.doi.org/10.1039/c8dt04649b	Bright Thermal (Blackbody) Emission of Visible Light From LnO 2 (Ln = Pr, Tb), Photoinduced by NIR 980 nm Laser	DALTON TRANSACTIONS	SILVA FILHO, CÍCERO INÁCIO INÁCIO ; DE OLIVEIRA, ANTONIO LEONEL LEONEL ; PEREIRA, SUELEN CATHERINE FARIAS ; DE SÁ, GILBERTO FERNANDES ; DA LUZ, LEONIS L. ; Alves Júnior, Severino		
artigoEmPeriodico	 	2018	1980-6973	http://dx.doi.org/10.1590/0104-9224/si2303.06	Soldagem Helicoidal de Tubos Produzida em Campo do Aço ASTM A-1018 e sua Correlação com Características Mecânicas e Microestruturais das Juntas Soldadas	REVISTA SOLDAGEM E INSPEÇÃO	SILVA, ANA CARLA SANTOS DA ; FIGUEREDO, ERIKE WILKER ARRUDA ; SILVA JÚNIOR, DEUSDEDIT CARLOS DA ; HERMENEGILDO, TAHIANA FRANCISCA DA CONCEIÇÃO ; SANTOS, TIAGO FELIPE DE ABREU		
artigoEmPeriodico	 	2018	0167-7322	http://dx.doi.org/10.1016/j.molliq.2018.10.087	Preparation and characterization of nanofibers of polyvinyl alcohol/polyaniline-montmorillonite clay	JOURNAL OF MOLECULAR LIQUIDS	SILVA, DÁFENES B.R. DOS S. ; JÚNIOR, LINDEMBERGUE P.C. ; DE AGUIAR, MAURÍCIO F. ; de Melo, Celso P. ; ALVES, KLEBER G.B.		
artigoEmPeriodico	 	2018	2470-1343	http://dx.doi.org/10.1021/acsomega.8b01067	Multifunctional System Polyaniline-Decorated ZIF-8 Nanoparticles as a New Chemo-Photothermal Platform for Cancer Therapy	ACS Omega	SILVA, JANINE S. F. ; SILVA, JOSÉ Y. R. ; de Sá, Gilberto F. ; ARAÚJO, SILVANY S. ; FILHO, MANOEL A. GOMES ; RONCONI, CÉLIA M. ; SANTOS, THIAGO C. ; Júnior, Severino A.		
artigoEmPeriodico	 	2018	2050-7526	http://dx.doi.org/10.1039/c8tc00658j	Carboxyl-functionalized ionic liquids: synthesis, characterization and synergism with rare earth ions	Journal of Materials Chemistry C	SOUZA RAMOS, TALITA JORDANNA DE ; BERTON, GUILHERME HENRIQUE ; CASSOL, TÂNIA MARIA MARIA ; Júnior, Severino Alves		
artigoEmPeriodico	 	2018	1980-5373	http://dx.doi.org/10.1590/1980-5373-mr-2016-1011	Influence of Rotational Speed in the Friction Surfacing of Titanium Grade 1 on Ti-6Al-4V	MATERIALS RESEARCH	VALE, NATÁLIA LOPES DO ; FITSEVA, VIKTORIA ; HANKE, STEFANIE ; Urtiga Filho, Severino Leopoldino ; SANTOS, JORGE FERNANDEZ DOS		
artigoEmPeriodico	 	2018	0209-4541		Comparison of Behaviour to Oxidation at High Temperature of Two Superalloys: Inconel 713C and IC-50	OXIDATION COMMUNICATIONS	VICENTE, A. A. ; MORENO, J. R. S. ; TENÓRIO, J. A. S. ; BOTELHO JR, A. B. ; SANTOS, T.F.A. ; ESPINOSA, D. C. R.		
artigoEmPeriodico	 	2017	0366-6913	http://dx.doi.org/10.1590/0366-69132017633672104	Avaliação da fotoluminescência do TiO 2 sintetizado pelo método Pechini	Cerâmica	ARAÚJO, D. S. ; DINIZ, V. C. S. ; DANTAS, J. ; ARAÚJO, P. M. A. G. ; VIANA, R. S. ; JUNIOR, S. A. ; TORQUATO, R. A. ; COSTA, A. C. F. M.		
artigoEmPeriodico	 	2017	1678-4553	http://dx.doi.org/10.1590/0366-69132017633652041	Modificação da superfície do ZnAl1,9Eu0,05O4 visando a obtenção do híbrido ZnAl1,9Eu0,05O4/SiO2 para aplicação como biossensor	Ceramica	ARAÚJO, P. M. A. G. ; SANTOS, P. T. A. ; A. JUNIOR, S. ; VIANA, R. S. ; COSTA, A. C. F. M.		
artigoEmPeriodico	 	2017	1874-2106	http://dx.doi.org/10.2174/1874210601711010048	Pulp Revascularization: A Literature Review	The Open Dentistry Journal	ARAÚJO, POLLYANA RODRIGUES DE SOUZA ; SILVA, LUCIANO BARRETO ; NETO, ALEXANDRINO PEREIRA DOS SANTOS ; ALMEIDA DE ARRUDA, JOSÉ ALCIDES ; ÁLVARES, PÂMELLA RECCO ; SOBRAL, ANA PAULA VERAS ; Júnior, Severino Alves ; LEÃO, JAIR CARNEIRO ; BRAZ DA SILVA, RODIVAN ; SAMPAIO, GERHILDE CALLOU		
artigoEmPeriodico	 	2017	1678-5878		Vibration Monitoring, Fault Detection, and Bearings Replacement of a Real Wind Turbine	Journal of the Brazilian Society of Mechanical Sciences and Engineering	AZEVEDO, H. ; ARAUJO, A. M. ; ARRUDA FILHO, P. H. C ; Bouchonneau, Nadège ; Rohatgi, J. S. ; SOUZA, R. M. C.		
artigoEmPeriodico	 	2017	2046-2069	http://dx.doi.org/10.1039/c6ra27850g	Site-selective Eu( <scp>iii</scp> ) spectroscopy of highly efficient luminescent mixed-metal Pb( <scp>ii</scp> )/Eu( <scp>iii</scp> ) coordination polymers	RSC Advances: an international journal to further the chemical sciences	BARBOSA, C. D. E. S. ; DA LUZ, L.L. ; PAZ, F. A. ALMEIDA ; MALTA, O. L. ; RODRIGUES, M. O. ; JÚNIOR, S. A. ; FERREIRA, R. A. S. ; CARLOS, L. D.		
artigoEmPeriodico	 	2017	0167-577X	http://dx.doi.org/10.1016/j.matlet.2017.01.106	Thermochromic Properties of Cucurbituril-based 3d-4f Heterometallic Material	Materials Letters (General ed.)	da Silva, Fausthon Fred ; de Oliveira, Carlos Alberto Fernandes ; FALCÃO, EDUARDO HENRIQUE LAGO ; Júnior, Severino Alves		
artigoEmPeriodico	 	2017	0022-2860	http://dx.doi.org/10.1016/j.molstruc.2017.10.096	Copper-based 2D-coordination polymer as catalyst for allylation of aldehydes	JOURNAL OF MOLECULAR STRUCTURE	DA SILVA, GILSON B. ; DE MENEZES, PAULO H. ; MALVESTITI, Ivani ; FALCÃO, EDUARDO H.L. ; Alves, S. ; CHOJNACKI, JAROS'AW ; DA SILVA, FAUSTHON F.		
artigoEmPeriodico	 	2017	0022-4596	http://dx.doi.org/10.1016/j.jssc.2017.05.023	METAL-ORGANIC FRAMEWORK: STRUCTURE AND MAGNETIC PROPERTIES OF [Cu 3 (BTC) 2 (L)x.(CuO) y ] n (L= H 2 O, DMF)	JOURNAL OF SOLID STATE CHEMISTRY	DA SILVA, GILVALDO G. ; Machado, F.L.A. ; JUNIOR, S. ALVES ; PADRÓN-HERNÁNDEZ, E.		
artigoEmPeriodico	 	2017	1662-9752	http://dx.doi.org/10.4028/www.scientific.net/msf.899.25	Manufacturing of AA2124 Aluminum Alloy Metal Matrix Composites Reinforced by Silicon Carbide Processed by Powder Metallurgy Techniques of High Energy Ball Milling and Hot Extrusion	MATERIALS SCIENCE FORUM (ONLINE)	DE ARAÚJO FILHO, OSCAR OLIMPIO ; DE ARAÚJO, EVERTHON RODRIGUES ; DE LIRA, HERONILTON MENDES ; GONZALEZ, Cezar Henrique ; SILVA, NOELLE D?EMERY GOMES ; Urtiga Filho, Severino Leopoldino		
artigoEmPeriodico	 	2017	1662-9752	http://dx.doi.org/10.4028/www.scientific.net/msf.899.361	Secondary Hardening of an AISI M3:2 High Speed Steel Sinter 23 Hot Isostatic Pressed	MATERIALS SCIENCE FORUM (ONLINE)	DE ARAÚJO FILHO, OSCAR OLIMPIO ; GONZALEZ, Cezar Henrique ; Urtiga Filho, Severino Leopoldino ; OLIVEIRA, C.A.N. ; SILVA, NOELLE D?EMERY GOMES ; AMBROZIO FILHO, F.		
artigoEmPeriodico	 	2017	1474-905X	http://dx.doi.org/10.1039/c6pp00408c	The new supramolecular nano-aggregate curcumin-cucurbit[7]uril: synthesis, photophysical properties and biocompatibility evaluation	PHOTOCHEMICAL & PHOTOBIOLOGICAL SCIENCES	DE AZEVEDO, LEANDRO ARAÚJO ; DA LUZ, LEONIS LOURENÇO ; DE SOUZA FERRO, JAMYLLE NUNES ; BARRETO, EMILIANO ; OLIVEIRA SILVA, RICARDO ; Alves, Severino ; ALVES, IANE BEZERRA VASCONCELOS		
artigoEmPeriodico	 	2017	0272-8842	http://dx.doi.org/10.1016/j.ceramint.2017.03.160	Tunable photoluminescence of nanostructured LaPO 4 :Eu 3+ /Tb 3+ synthesized via a microwave-assisted ethylene glycol route	CERAMICS INTERNATIONAL	DE OLIVEIRA, R.S. ; DE BRITO, B.S. ; KULESZA, J. ; ALVES-JR, S. ; Barros, B.S.		
artigoEmPeriodico	 	2017	0254-0584	http://dx.doi.org/10.1016/j.matchemphys.2017.01.024	Influence of synthesis time on the microstructure and photophysical properties of Gd-MOFs doped with Eu3+	MATERIALS CHEMISTRY AND PHYSICS	DO NASCIMENTO, JARLEY FAGNER SILVA ; BARROS, BRÁULIO SILVA ; KULESZA, JOANNA ; DE OLIVEIRA, JOÃO BOSCO LUCENA ; PEREIRA LEITE, ANA KARINA ; DE OLIVEIRA, ROSIVÂNIA SILVA		
artigoEmPeriodico	 	2017	1754-2138	http://dx.doi.org/10.1080/09507116.2016.1218615	Influence of welding position and parameters in orbital tig welding applied to low-carbon steel pipes	Welding International	FEGUEIROA, D. W. ; PIGOZZO, I. O. ; SILVA, R. H. G. E. ; Santos, T. F. A. ; URTIGA FILHO, S. L.		
artigoEmPeriodico	 	2017	1516-1439	http://dx.doi.org/10.1590/1980-5373-mr-2017-0066	Biocorrosion on Surface of ASTM A283 Carbon Steel, Exposed in Diesel S10 and Tap Water	Materials Research-Ibero-american Journal of Materials	FRAZÃO, DIANA MAGALHÃES ; MELO, IVANILDA RAMOS DE ; MONTOYA, MAXIME ; URTIGA FILHO, SEVERINO LEOPOLDINO		
artigoEmPeriodico	 	2017	0104-9224	http://dx.doi.org/10.1590/0104-9224/si2202.03	Desenvolvimento dos Parâmetros do Processo de Soldagem por Atrito com Pino Não Consumível para o Aço de Alta Resistência e Baixa Liga ISO 3183 X80M	Soldagem & Inspecao	HERMENEGILDO, TAHIANA F. C. ; SILVA, ANA CARLA S. ; TORRES, EDWAR A. ; SANTOS, TIAGO F. A. ; RAMIREZ, ANTONIO J.		
artigoEmPeriodico	 	2017	1980-5373	http://dx.doi.org/10.1590/1980-5373-mr-2016-1015	Modulator Effect of Acetic Acid on the Morphology of Luminescent Mixed Lanthanide- Organic Frameworks	MATERIALS RESEARCH	LEITE, ANA KARINA PEREIRA ; BARROS, BRÁULIO SILVA ; KULESZA, JOANNA ; NASCIMENTO, JARLEY FAGNER SILVA DO ; MELO, DULCE MARIA DE ARAÚJO ; OLIVEIRA, ANGELO ANDERSON SILVA DE		
artigoEmPeriodico	 	2017	1944-8244	http://dx.doi.org/10.1021/acsami.6b13474	Application of the Metal-Organic Framework [Eu(BTC)] as a Luminescent Marker for Gunshot Residues: A Synthesis, Characterization, and Toxicity Study	ACS Applied Materials & Interfaces (Print)	LUCENA, MARCELLA A. M. ; OLIVEIRA, MARINA F. L. ; AROUCA, ALINE M. ; TALHAVINI, MÁRCIO ; FERREIRA, EDUARDO A. ; Alves, Severino ; VEIGA-SOUZA, FABIANE H. ; Weber, Ingrid T.		
artigoEmPeriodico	 	2017	1516-1439	http://dx.doi.org/10.1590/1980-5373-mr-2016-1060	Double Kinetics of Intermetallic Phase Precipitation in UNS S32205 Duplex Stainless Steels Submitted to Isothermal Heat Treatment	Materials Research-Ibero-american Journal of Materials	MARQUES, I. J. ; VICENTE, A. A. ; TENÓRIO, J. A. S. ; SANTOS, T.F.A.		
artigoEmPeriodico	 	2017	0022-2313	http://dx.doi.org/10.1016/j.jlumin.2017.04.001	Improving the Quantum Efficiency of the Lanthanide-Organic Framework [Eu 2 (MELL)(H 2 O) 6 ] by Heating: A Simple Strategy to Produce Efficient Luminescent Devices	JOURNAL OF LUMINESCENCE	MILANI, RAQUEL ; DA LUZ, LEONIS L. ; DE ARAÚJO, ANA CLÁUDIA V. ; Rodrigues, Nailton M. ; FALCÃO, EDUARDO H.L. ; de Azevedo, Walter M. ; da Costa, Nivan B. ; CARDOSO, MATEUS B. ; FREIRE, Ricardo O. ; Júnior, Severino A.		
artigoEmPeriodico	 	2017	1350-6307	http://dx.doi.org/10.1016/j.engfailanal.2017.07.010	Comparative studies for failure pressure prediction of corroded pipelines	ENGINEERING FAILURE ANALYSIS	MOTTA, RENATO S. ; CABRAL, HÉLDER L.D. ; AFONSO, SILVANA M.B. ; WILLMERSDORF, RAMIRO B. ; Bouchonneau, Nadège ; LYRA, PAULO R.M. ; DE ANDRADE, EDMUNDO Q.		
artigoEmPeriodico	 	2017	1516-1439	http://dx.doi.org/10.1590/1980-5373-mr-2016-0954	Corrosion Behavior of API 5L X80 Steel in the Produced Water of Onshore Oil Recovery Facilities	Materials Research-Ibero-american Journal of Materials	OLIVIERA, E. S. D. ; PEREIRA, R. F. C. ; MELO, I. R. ; Andrade Lima M. A. G ; Urtiga Filho, Severino Leopoldino		
artigoEmPeriodico	 	2017	1516-1439	http://dx.doi.org/10.1590/1980-5373-mr-2017-0025	Evaluation of Co-Ni/SiC Nanocomposite Coating Obtained by Electrodeposition on the Corrosion Resistance of API 5L X80 Steel	Materials Research-Ibero-american Journal of Materials	PEREIRA, ROSEANA FLORENTINO DA COSTA ; OLIVEIRA, EDKARLLA SOUSA DANTAS DE ; VIEIRA, MAGDA ROSÂNGELA SANTOS ; LIMA, MARIA ALICE GOMES DE ANDRADE ; URTIGA FILHO, SEVERINO LEOPOLDINO		
artigoEmPeriodico	 	2017	1662-9752	http://dx.doi.org/10.4028/www.scientific.net/msf.899.317	Influence of Composite Nano-Coating of Ni-Co-SiC Obtained by Electrodeposition on the Corrosion Resistance of API 5L X80 Steel	MATERIALS SCIENCE FORUM (ONLINE)	PEREIRA, ROSEANA FLORENTINO DA COSTA ; DE OLIVEIRA, EDKARLLA SOUSA DANTAS ; ALVES E SILVA, DIOGO LINS ; RIBEIRO, ANDRÊSSA SOUZA ; DE ARAÚJO FILHO, OSCAR OLIMPIO ; DE ANDRADE E LIMA, MARIA ALICE GOMES ; Urtiga Filho, Severino Leopoldino		
artigoEmPeriodico	 	2017	1615-9306	http://dx.doi.org/10.1002/jssc.201700501	Evaluation of a novel metal-organic framework as an adsorbent for the extraction of multiclass pesticides from coconut palm ( <i>Cocos nucifera</i> L.): An analytical approach using matrix solid-phase dispersion and liquid chromatography	JOURNAL OF SEPARATION SCIENCE	ROMÁRIO DE JESUS, JEMMYSON ; AMARAL WANDERLEY, KALINE ; Alves Júnior, Severino ; Navickiene, Sandro		
artigoEmPeriodico	 	2017	1932-6203	http://dx.doi.org/10.1371/journal.pone.0170026	New Composites LnBDC@AC and CB[6]@AC: From Design toward Selective Adsorption of Methylene Blue or Methyl Orange	Plos One	SANTOS, GUILHERME DE C. ; BARROS, AMANDA L. ; DE OLIVEIRA, CARLOS A. F. ; DA LUZ, LEONIS L. ; DA SILVA, FAUSTHON F. ; DEMETS, GRÉGOIRE J.-F. ; Alves Júnior, Severino		
artigoEmPeriodico	 	2017	0950-7116	http://dx.doi.org/10.1080/09507116.2017.1347323	Friction stir welding of duplex stainless steels	WELDING INTERNATIONAL	Santos, Tiago Felipe de Abreu; TORRES, EDWAR ANDRÉS ; RAMIREZ, ANTONIO JOSE		
artigoEmPeriodico	 	2017	1040-0397	http://dx.doi.org/10.1002/elan.201700384	Voltammetric Determination of Captopril on a Glassy Carbon Electrode Modified with Copper Metal-Organic Framework	ELECTROANALYSIS	SILVA'VASCONCELOS, WELLYTON ; DA'SILVA, GILVALDO GENTIL ; ALVES'JUNIOR, SEVERINO ; DOS'ANJOS, JANAÍNA VERSIANI ; DA'CUNHA'AREIAS, MADALENA CARNEIRO		
artigoEmPeriodico	 	2017	1944-8244	http://dx.doi.org/10.1021/acsami.6b15667	Lanthanide-Organic Gels (LOGs) as a Multifunctional Supramolecular Smart Platform	ACS Applied Materials & Interfaces	SILVA, JOSÉ YAGO RODRIGUES ; DA LUZ, LEONIS LOURENÇO ; MAURICIO, FILIPE GABRIEL MARTINEZ ; VASCONCELOS ALVES, IANE BEZERRA ; FERRO, JAMYLLE NUNES DE SOUZA ; BARRETO, EMILIANO ; WEBER, INGRID TAVORA ; DE AZEVEDO, WALTER MENDES ; Júnior, Severino Alves		
artigoEmPeriodico	 	2017	0101-5397		Estudo Comparativo da resistência ao desgaste abrasivo entre um revestimento a base de Cr, Ni, B e Si e WC-Co aplicados por aspersão térmica	PETRO & QUÍMICA	SILVA, W. B. ; DA SILVA, F.J. ; LIMA, R. R. A.		
artigoEmPeriodico	 	2017	0022-4596	http://dx.doi.org/10.1016/j.jssc.2017.04.002	Structural and spectroscopic investigation of new luminescent hybrid materials based on calix[4]arene-tetracarboxylate and Ln 3+ ions (Ln = Gd, Tb or Eu)	Journal of Solid State Chemistry (Print)	VIANA, R.S. ; OLIVEIRA, C.A.F. ; CHOJNACKI, J. ; Barros, B.S. ; ALVES-JR, S. ; KULESZA, J.		
artigoEmPeriodico	 	2016	1662-9752	http://dx.doi.org/10.4028/www.scientific.net/MSF.869.447	Manufacturing and Characterization of AA1100 Aluminum Alloy Metal Matrix Composites Reinforced by Silicon Carbide and Alumina Processed by Powder Metallurgy	Materials Science Forum (Online)	ARAÚJO FILHO, OSCAR OLIMPIO ; ARAÚJO DE MOURA, ALEXANDRE DOUGLAS ; DE ARAÚJO, EVERTHON RODRIGUES ; DOS SANTOS, MAURÍLIO JOSÉ ; GONZALEZ, CEZAR HENRIQUE ; DA SILVA, FLÁVIO JOSÉ		
artigoEmPeriodico	 	2016	1364-0321	http://dx.doi.org/10.1016/j.rser.2015.11.032	A review of wind turbine bearing condition monitoring: State of the art and challenges	Renewable & Sustainable Energy Reviews	AZEVEDO, H. ; ARAUJO, A. M. ; BOUCHONNEAU, N.		
artigoEmPeriodico	 	2016	0022-2313	http://dx.doi.org/10.1016/j.jlumin.2016.09.057	New Coordination Polymers Based on a V-Shaped Ligand and Lanthanides: Structural Description and Symmetry-Luminescence Correlation Using Europium as a Probe	Journal of Luminescence	DA SILVA VIANA, RODRIGO ; CHOJNACKI, JAROSLAW ; FALCÃO, EDUARDO HENRIQUE LAGO ; ALVES JUNIOR, SEVERINO		
artigoEmPeriodico	 	2016	0379-6779	http://dx.doi.org/10.1016/j.synthmet.2016.07.003	Sonoelectrochemical synthesis of metal-organic frameworks	Synthetic Metals	DA SILVA, GILVALDO G. ; SILVA, CECÍLIA S. ; RIBEIRO, ROGÉRIO T. ; RONCONI, CÉLIA M. ; BARROS, BRÁULIO S. ; NEVES, JORGE L. ; Júnior, Severino Alves		
artigoEmPeriodico	 	2016	0272-8842	http://dx.doi.org/10.1016/j.ceramint.2016.07.119	Nickel-based catalyst derived from NiO-Ce0.75Zr0.25O2 nanocrystalline composite: Effect of the synthetic route on the partial oxidation of methane	Ceramics International	DA SILVEIRA, V.R. ; Melo, D.M.A. ; Barros, B.S. ; RUIZ, J.A.C. ; ALCAZAR ROJAS, LEOPOLDO O.		
artigoEmPeriodico	 	2016	0021-8979	http://dx.doi.org/10.1063/1.4947290	Urchin-like artificial gallium oxide nanowires grown by a novel MOCVD/CVD-based route for random laser application	Journal of Applied Physics	DE MELO, RONALDO P. ; OLIVEIRA, NATHALIA TALITA C. ; DOMINGUEZ, CHRISTIAN TOLENTINO ; GOMES, ANDERSON S. L. ; FALCÃO, EDUARDO H. L. ; Alves, Severino ; DA LUZ, LEONIS L. ; CHASSAGNON, REMI ; DE ARAÚJO, CID B. ; SACILOTTI, MARCO		
artigoEmPeriodico	 	2016	1420-3049	http://dx.doi.org/10.3390/molecules21111539	A Green Approach for Allylations of Aldehydes and Ketones: Combining Allylborate, Mechanochemistry and Lanthanide Catalyst	Molecules (Basel. Online)	DE SOUZA, VIVIANE ; OLIVEIRA, CRISTIANE ; DE SOUZA, THIAGO ; MENEZES, PAULO ; Alves, Severino ; LONGO, RICARDO ; MALVESTITI, Ivani		
artigoEmPeriodico	 	2016	1073-5623	http://dx.doi.org/10.1007/s11661-016-3631-3	Physical Simulation of a Duplex Stainless Steel Friction Stir Welding by the Numerical and Experimental Analysis of Hot Torsion Tests	METALLURGICAL AND MATERIALS TRANSACTIONS A-PHYSICAL METALLURGY AND MATERIALS SCIENCE	FONSECA, E. B. ; SANTOS, T. F. A. ; BUTTON, S.T. ; RAMIREZ, A.J.		
artigoEmPeriodico	 	2016	1388-3127	http://dx.doi.org/10.1007/s10847-016-0627-y	CaAl-layered double hydroxide as a drug delivery system: effects on solubility and toxicity of the antiretroviral efavirenz	Journal of Inclusion Phenomena and Macrocyclic Chemistry	FONTES, DANILO AUGUSTO FERREIRA ; DE LYRA, MAGALY ANDREZA MARQUES ; DE ANDRADE, JEYCE KELLE FERREIRA ; DE MEDEIROS SCHVER, GIOVANNA CHRISTINNE ROCHA ; ROLIM, LARISSA ARAÚJO ; DA SILVA, TERESINHA GONÇALVES ; SOARES-SOBRINHO, JOSÉ LAMARTINE ; ALVES-JÚNIOR, SEVERINO ; ROLIM-NETO, PEDRO JOSÉ		
artigoEmPeriodico	 	2016	2197-4586	http://dx.doi.org/10.1515/epoly-2015-0229	Solvent-fractionated sugar cane bagasse lignin: structural characteristics and electro-spinnability	E-Polymers	LEITE, ROGÉRIO ; DE ALMEIDA, YÊDA MEDEIROS B. ; SARMENTO, SANDRA MARIA ; ALVES, KLEBER G.B. ; DE MELO, ETELINO FEIJÓ ; SOUTO-MAIOR, ROSA MARIA		
artigoEmPeriodico	 	2016	0272-8842	http://dx.doi.org/10.1016/j.ceramint.2016.09.214	Wear of ceramic tools when machining Inconel 751 using argon and oxygen as lubri-cooling atmospheres	Ceramics International	LIMA, FÁBIO F. ; SALES, WISLEY F. ; COSTA, EDER S. ; DA SILVA, FLÁVIO J. ; MACHADO, ÁLISSON R.		
artigoEmPeriodico	 	2016	0255-5476	http://dx.doi.org/10.4028/www.scientific.net/MSF.869.649	Simulation of Cooling Curves of the Heat Affected Zones of API 5L X80 Steel of Welds Made by Flux Core Arc Welding Self Protecting	Materials Science Forum (Online)	DE LIRA, HERONILTON MENDES ; FERREIRA, RICARDO ARTHUR SANGUINETTI ; DAS NEVES, MAURÍCIO DAVID MARTINS ; DOS SANTOS, MAURÍLIO JOSÉ ; URTIGA FILHO, SEVERINO LEOPOLDINO ; ARAÚJO FILHO, OSCAR OLIMPIO		
artigoEmPeriodico	 	2016	1061-0278	http://dx.doi.org/10.1080/10610278.2015.1093631	Experimental and computational studies of the binding properties of lower rim tetra- and di-substituted calix[4]arene amide derivatives with metal ions	SUPRAMOLECULAR CHEMISTRY	MARCOS, PAULA M. ; FONSECA, JOEL D. ; PROENÇA, CARLA S. ; ASCENSO, JOSÉ R. ; BERNARDINO, RAUL J. ; KULESZA, JOANNA ; BOCHENSKA, MARIA		
artigoEmPeriodico	 	2016	0022-2313	http://dx.doi.org/10.1016/j.jlumin.2015.04.010	Synthesis of [Dy(DPA)(HDPA)] and its potential as gunshot residue marker	Journal of Luminescence	MELO LUCENA, MARCELLA A. ; RODRIGUES, Marcelo Oliveira ; GATTO, CLAUDIA C. ; TALHAVINI, MARCIO ; MALDANER, ADRIANO O. ; Alves, Severino ; Weber, Ingrid T.		
artigoEmPeriodico	 	2016	0032-3888	http://dx.doi.org/10.1002/pen.24367	Nanocomposites of PBAT and cellulose nanocrystals modified by - <i>in situ</i> - polymerization and melt extrusion	Polymer Engineering and Science	Morelli, Carolina L.; BELGACEM, MOHAMED N. ; BRANCIFORTI, MÁRCIA C. ; C. B. SALON, MARIE ; BRAS, JULIEN ; BRETAS, ROSARIO E. S.		
artigoEmPeriodico	 	2016	0021-8995	http://dx.doi.org/10.1002/app.43678	Melt extruded nanocomposites of polybutylene adipate- <i>co</i> -terephthalate (PBAT) with phenylbutyl isocyanate modified cellulose nanocrystals	Journal of Applied Polymer Science (Print)	MORELLI, CAROLINA L; BELGACEM, NACEUR ; BRETAS, ROSARIO E. S. ; BRAS, JULIEN		
artigoEmPeriodico	 	2016	0141-8130		Control of microbiological corrosion on carbon steel with sodiumhypochlorite and biopolymer	INTERNATIONAL JOURNAL OF BIOLOGICAL MACROMOLECULES	Oliveira S. H. ; Andrade Lima M. A. G ; França F. P. ; VIIEIRA, M. R. S. ; SILVA, P. ; URTIGA FILHO, S. L.		
artigoEmPeriodico	 	2016	0022-2313	http://dx.doi.org/10.1016/j.jlumin.2015.06.037	Synthesis, crystal structure and luminescent properties of lanthanide extended structure with asymmetrical dinuclear units based on 2-(methylthio)benzoic acid	Journal of Luminescence	OLIVEIRA, CRISTIANE K. ; DE SOUZA, VIVIANE P. ; DA LUZ, LEONIS L. ; DE MENEZES VICENTI, JULIANO R. ; BURROW, ROBERT A. ; SEVERINO ALVES ; LONGO, RICARDO L. ; MALVESTITI, Ivani		
artigoEmPeriodico	 	2016	0010-938X	http://dx.doi.org/10.1016/j.corsci.2015.10.023	Corrosion of thin, magnetron sputtered Nb2O5 films	Corrosion Science	PILLIS, MARINA FUSER ; GERIBOLA, GUILHERME ALTOMARI ; SCHEIDT, GUILHERME ; DE ARAÚJO, EDVAL GONÇALVES ; DE OLIVEIRA, MARA CRISTINA LOPES ; ANTUNES, RENATO ALTOBELLI		
artigoEmPeriodico	 	2016	0255-5476		Study Of The Efficiency Of Ag-SiO2 Nanoparticles As Additives In Anticorrosion Coatings.	Materials Science Forum	PLETSCH, R. O. ; Alves, K.B.G. ; VIEIRA, M.R.S ; MELO, C. P. ; Da Silva, N. S. B.		
artigoEmPeriodico	 	2016	1662-9752	http://dx.doi.org/10.4028/www.scientific.net/MSF.869.663	Study of the Efficiency of Ag-SiO<sub>2</sub> Nanoparticles as Additives in Anticorrosion Coatings	Materials Science Forum (Online)	PLETSCH, RÔMULO DE O. ; ALVES, KLEBER G.B. ; VIEIRA, MAGDA R.S. ; de Melo, Celso P. ; BOUCHONNEAU, NADÈGE S.		
artigoEmPeriodico	 	2016	1544-1024	http://dx.doi.org/10.1007/s11665-016-2357-0	Detailed Microstructural Characterization and Restoration Mechanisms of Duplex and Superduplex Stainless Steel Friction-Stir-Welded Joints	Journal of Materials Engineering and Performance	SANTOS, T. F. A.; TORRES, E. A. ; LIPPOLD, J. C. ; RAMIREZ, A. J.		
artigoEmPeriodico	 	2016	1516-1439	http://dx.doi.org/10.1590/1980-5373-MR-2015-0319	Friction stir welding of duplex and superduplex stainless steels and some aspects of microstructural characterization and mechanical performance	Materials Research-Ibero-american Journal of Materials	SANTOS, T.F.A.; FONSECA, E. B. ; TORRES, E.A. ; RAMIREZ, A.J.		
artigoEmPeriodico	 	2016	1980-6973	http://dx.doi.org/10.1590/0104-9224/si2101.06	Soldagem por Atrito com Pino Não Consumível de Aços Inoxidáveis Duplex	REVISTA SOLDAGEM E INSPEÇÃO	SANTOS, T.F.A.; TORRES, E.A. ; RAMIREZ, A.J.		
artigoEmPeriodico	 	2016	0950-7116	http://dx.doi.org/10.1080/09507116.2015.1096498	Development of ceramic backing for friction stir welding and processing	WELDING INTERNATIONAL	SANTOS, TIAGO F. A.; TORRES, EDWAR A. ; HERMENGILDO, TAHIANA F. C. ; RAMIREZ, ANTONIO J.		
artigoEmPeriodico	 	2016	0141-8130		Control of microbiological corrosion on carbon steel with sodium hypochlorite and biopolymer. International Journal of Biological Macromolecules	International Journal of Biological Macromolecules	Sara H. de Oliveira ; Maria Alice G. de A. Lima ; FRANCA, F. P. ; VIEIRA, M.R.S ; URTIGA FILHO, S. L.		
artigoEmPeriodico	 	2016	1874-2106	http://dx.doi.org/10.2174/1874210601610010227	The Promising Applications of Stem Cells in the Oral Region: Literature Review	The Open Dentistry Journal	SILVA, LUCIANO BARRETO ; NETO, ALEXANDRINO PEREIRA DOS SANTOS ; PACHECO, RACHEL GOMES PELOZO ; Júnior, Severino Alves ; MENEZES, REBECA FERRAZ DE ; CARNEIRO, VANDA SANDERANA MACEDO ; ARAÚJO, NATÁLIA COSTA ; SILVEIRA, MARCIA MARIA FONSECA DA ; ALBUQUERQUE, DIANA SANTANA DE ; MARTINEZ GERBI, MARLENY ELIZABETH MARQUEZ DE ; ÁLVARES, PAMELLA RECCO ; ARRUDA, JOSÉ ALCIDES ALMEIDA DE ; SOBRAL, ANA PAULA VERAS		
artigoEmPeriodico	 	2016	2040-3364	http://dx.doi.org/10.1039/c6nr00158k	High-sensitive Eu <sup>3+</sup> ratiometric thermometers based on excited state absorption with predictable calibration	Nanoscale (Print)	SOUZA, ADELMO SATURNINO ; NUNES, LUIZ ANTONIO OLIVEIRA ; SILVA, IVAN GUIDE NUNES ; OLIVEIRA, FERNANDO A. M. ; DA LUZ, LEONIS L. ; BRITO, HERMI FELINTO ; FELINTO, MARIA CLÁUDIA F. C. ; FERREIRA, RUTE ; Alves Jr, Severino ; CARLOS, LUIS ANTONIO DIAS ; MALTA, OSCAR		
artigoEmPeriodico	 	2016	1662-9752	http://dx.doi.org/10.4028/www.scientific.net/MSF.869.982	Synthesis of ZnO Nanoparticles Doped with Cobalt: Influence of Doping on the Magnetic and Fluorescent Properties	Materials Science Forum (Online)	SUGAHARA, HENRIQUE J. ; de Melo, Etelino F. ; de Melo, Celso P. ; ALVES, KLEBER G.B.		
artigoEmPeriodico	 	2016	0255-5476	http://dx.doi.org/10.4028/www.scientific.net/msf.869.441	Friction Stir Welding of Aluminium Alloy Sheets	Materials Science Forum (Online)	VALE, N.L. ; DOS SANTOS, JORGE FERNANDEZ ; MELO, I.R. ; ARAÚJO FILHO, OSCAR OLIMPIO ; URTIGA FILHO, SEVERINO LEOPOLDINO		
artigoEmPeriodico	 	2016	0255-5476	http://dx.doi.org/10.4028/www.scientific.net/msf.869.699	Corrosion by Sulfate Reducing Bacteria in Welded Joints of Stell API 5L X80	MATERIALS SCIENCE FORUM (ONLINE)	VASCONCELOS, E.S.L. ; DE OLIVEIRA, E.S.D. ; LIMA, M.A.G.A. ; MONTOYA, M. ; GONZALEZ, CEZAR HENRIQUE ; URTIGA FILHO, SEVERINO LEOPOLDINO		
artigoEmPeriodico	 	2016	0022-2860	http://dx.doi.org/10.1016/j.molstruc.2016.11.034	Host-guest interaction of ZnBDC-MOF + doxorubicin: A theoretical and experimental study	Journal of Molecular Structure (Print)	Vasconcelos, Iane B. ; Wanderley, Kaline A. ; Rodrigues, Nailton M. ; da Costa, Nivan B. ; FREIRE, Ricardo O. ; Junior, Severino A.		
artigoEmPeriodico	 	2015	1980-5373	http://dx.doi.org/10.1590/1516-1439.018115	Nickel-based Catalyst Precursor Prepared Via Microwave-induced Combustion Method: Thermodynamics of Synthesis and Performance in Dry Reforming of CH4	Materials Research	BARROS, BRAULIO SILVA ; KULESZA, JOANNA ; MELO, DULCE MARIA DE ARAÚJO ; KIENNEMAN, ALAIN		
artigoEmPeriodico	 	2015	0254-0584	http://dx.doi.org/10.1016/j.matchemphys.2015.05.079	Thermostability and photophysical properties of mixed-ligand carboxylate/benzimidazole Zn(II)-coordination polymers	Materials Chemistry and Physics	BARROS, BRÁULIO SILVA ; CHOJNACKI, JAROSLAW ; MACÊDO SOARES, ANTONIA ALICE ; Kulesza, Joanna ; LOURENÇO DA LUZ, LEONIS ; Júnior, Severino Alves		
artigoEmPeriodico	 	2015	1934-7375		Morphological and Optical Characterization of CaAl2O4 Doped with Trivalent Praseodymium	Journal of Chemistry and Chemical Engineering	BRITO, V. R. S. ; SANTOS, R. J. ; ANJOS, P. N. ; Alves Jr, Severino		
artigoEmPeriodico	 	2015	0167-577X	http://dx.doi.org/10.1016/j.matlet.2015.01.159	Laser ablation: A new technique for the preparation of metal-organic frameworks Cu3(BTC)2(H2O)3	Materials Letters (General ed.)	CAMPELLO, S.L. ; GENTIL, G. ; JÚNIOR, S.A. ; de Azevedo, W.M.		
artigoEmPeriodico	 	2015	0378-3820	http://dx.doi.org/10.1016/j.fuproc.2014.11.028	Catalytic performances of Ni-CaO-mayenite in CO2 sorption enhanced steam methane reforming	Fuel Processing Technology	CESÁRIO, MOISÉS R. ; BARROS, BRAÚLIO S. ; COURSON, CLAIRE ; MELO, DULCE M.A. ; KIENNEMANN, ALAIN		
artigoEmPeriodico	 	2015	1381-5148	http://dx.doi.org/10.1016/j.reactfunctpolym.2015.08.012	Use of magnetic and fluorescent polystyrene/tetraphenylporphyrin/maghemite nanocomposites for the photoinactivation of pathogenic bacteria	Reactive & Functional Polymers (Print)	CHÁVEZ-GUAJARDO, ALICIA E. ; MAQUEIRA, LUIS ; MEDINA-LLAMAS, JUAN C. ; ALCARAZ-ESPINOZA, J. ; ARAÚJO, TIAGO L. ; VINHAS, GLÓRIA M. ; RODRIGUES, ALEXANDRE R. ; ALVES, KLEBER G.B. ; de Melo, Celso P.		
artigoEmPeriodico	 	2015	1385-8947	http://dx.doi.org/10.1016/j.cej.2015.07.008	Efficient removal of Cr (VI) and Cu (II) ions from aqueous media by use of polypyrrole/maghemite and polyaniline/maghemite magnetic nanocomposites	Chemical Engineering Journal (1996)	CHÁVEZ-GUAJARDO, ALICIA E. ; MEDINA-LLAMAS, JUAN C. ; MAQUEIRA, LUIS ; ANDRADE, CÉSAR A.S. ; ALVES, KLEBER G.B. ; de Melo, Celso P.		
artigoEmPeriodico	 	2015	1944-8244	http://dx.doi.org/10.1021/acsami.5b06301	Inkjet Printing of Lanthanide-Organic Frameworks for Anti-Counterfeiting Applications	ACS Applied Materials & Interfaces (Print)	DA LUZ, LEONIS L. ; MILANI, RAQUEL ; FELIX, JORLANDIO F. ; RIBEIRO, IGOR R. B. ; TALHAVINI, MÁRCIO ; NETO, BRENNO A. D. ; CHOJNACKI, JAROSLAW ; Rodrigues, Marcelo O. ; Júnior, Severino A.		
artigoEmPeriodico	 	2015	0303-402X	http://dx.doi.org/10.1007/s00396-015-3532-9	Localized to long-range conductivity in polyaniline/magnetite nanocomposites followed by dielectric relaxation spectroscopy	Colloid and Polymer Science (Print)	DE ARAÚJO, A. C. VAZ ; DE OLIVEIRA, R. JOSÉ ; Alves, S. ; DE AZEVEDO, W. MENDES		
artigoEmPeriodico	 	2015	1477-9226	http://dx.doi.org/10.1039/c5dt01920f	Dual emission tunable in the near-infrared (NIR) and visible (VIS) spectral range by mix-LnMOF	Dalton Transactions (2003. Print)	DE JESUS, ROBERTA ANJOS ; DA LUZ, LEONIS LOURENÇO ; SANTOS, DANILO OLIVEIRA ; COSTA, JOSÉ ARNALDO SANTANA ; Navickiene, Sandro ; GATTO, CLAUDIA CRISTINA ; Júnior, Severino Alves ; de Mesquita, Maria Eliane		
artigoEmPeriodico	 	2015	1932-6203	http://dx.doi.org/10.1371/journal.pone.0128436	Adsorption in a Fixed-Bed Column and Stability of the Antibiotic Oxytetracycline Supported on Zn(II)-[2-Methylimidazolate] Frameworks in Aqueous Media	Plos One	DOS SANTOS FERREIRA DA SILVA, JANINE ; LÓPEZ MALO, DANIEL ; ANCESKI BATAGLION, GIOVANA ; NOGUEIRA EBERLIN, MARCOS ; MACHADO RONCONI, CÉLIA ; Alves Júnior, Severino ; DE SÁ, GILBERTO FERNANDES		
artigoEmPeriodico	 	2015	1980-6973	http://dx.doi.org/10.1590/0104-9224/si2004.11	Influência da Posição e dos Parâmetros de Soldagem na Soldagem TIG Orbital Aplicada a Tubulações de Aço Baixo Carbono	REVISTA SOLDAGEM E INSPEÇÃO	FIGUEIRÔA, DANIEL WALLERSTEIN ; PIGOZZO, IVAN OLSZANSKI ; SILVA, RÉGIS HENRIQUE GONÇALVES E ; SANTOS, TIAGO FELIPE DE ABREU ; Urtiga Filho, Severino Leopoldino		
artigoEmPeriodico	 	2015	1477-9226	http://dx.doi.org/10.1039/c5dt02171e	Title Combined Experimental and Simulation Study of Large Nanocage-based Metal-Organic Frameworks for Drug Delivery	Dalton Transactions (2003. Print)	LIU, JIANQIANG ; LI, X. F. ; GU, C. Y. ; DA SILVA, JÚLIO C.S. ; BARROS, AMANDA L. ; Júnior, Severino Alves ; LI, B. H. ; REN, FEI ; BATTEN, STUART R. ; Soares, Thereza A.		
artigoEmPeriodico	 	2015	1359-835X	http://dx.doi.org/10.1016/j.compositesa.2015.10.038	Supramolecular aromatic interactions to enhance biodegradable film properties through incorporation of functionalized cellulose nanocrystals	Composites. Part A, Applied Science and Manufacturing	Morelli, Carolina L.; BELGACEM, MOHAMED N. ; BRANCIFORTI, MÁRCIA C. ; BRETAS, ROSARIO E.S. ; CRISCI, ALEXANDRE ; BRAS, JULIEN		
artigoEmPeriodico	 	2015	0926-6690	http://dx.doi.org/10.1016/j.indcrop.2015.03.036	Natural copaiba oil as antibacterial agent for bio-based active packaging	Industrial Crops and Products (Print)	Morelli, Carolina Lipparelli; MAHROUS, MAROI ; BELGACEM, MOHAMED NACEUR ; BRANCIFORTI, MÁRCIA CRISTINA ; BRETAS, ROSARIO ELIDA SUMAN ; BRAS, JULIEN		
artigoEmPeriodico	 	2015	1980-5373	http://dx.doi.org/10.1590/1516-1439.334514	Thermomechanical Analysis on Ti-Ni Shape Memory Helical Springs Under Cyclic Tensile Loads	Materials Research	OLIVEIRA, CARLOS AUGUSTO DO NASCIMENTO ; GONZALEZ, CEZAR HENRIQUE ; Olimpio Filho, Oscar ; SILVA, NIÉDSON JOSÉ DA ; GUIMARÃES, PABLO BATISTA ; NUÑEZ-MENDOZA, ESAU ; CUÉLLAR, ENRIQUE MANUEL LÓPEZ		
artigoEmPeriodico	 	2015	0277-2248	http://dx.doi.org/10.1080/02772248.2015.1059974	QuEChERS: A Sample Preparation for Extraction of Carbaryl from Rat Feces	Toxicological and Environmental Chemistry (Print)	PAÍGA, PAULA ; DOMINGUES, VALENTINA F. ; WANDERLEY, KALINE AMARAL ; Júnior, Severino Alves ; DELERUE-MATOS, C. M.		
artigoEmPeriodico	 	2015	0255-5476	http://dx.doi.org/10.4028/www.scientific.net/MSF.869.663	Study Of The Efficiency Of Ag-SiO2 Nanoparticles As Additives In Anticorrosion Coatings	Materials Science Forum	PLETSCH, R. O. ; Kleber G. B. Alves ; Magda R. S. Vieira ; Celso P. de Melo ; BOUCHONNEAU, N.		
artigoEmPeriodico	 	2015	0255-6952		Caracterização microestrutural de aços baixo carbono por microscopia de força atômica	REVISTA LATINOAMERICANA DE METALURGIA Y MATERIALES	SANTOS, T. F. A.; TORRES, E.A. ; VILELA, J.M.C. ; ANDRADE, M.S. ; COTA, A.B.		
artigoEmPeriodico	 	2015	0261-3069	http://dx.doi.org/10.1016/j.matdes.2014.10.005	Suitability of carbon fiber-reinforced polymers as power cable cores: Galvanic corrosion and thermal stability evaluation	MATERIALS & DESIGN	SANTOS, T. F. A.; VASCONCELOS, G. C. ; SOUZA, W. A. ; COSTA, M. L. ; BOTELHO, E. C.		
artigoEmPeriodico	 	2015	1551-5036		Seasonal and intraseasonal variability of wave climate in the NE Brazilian coast by using Nautical Radar System	Journal of Coastal Research	SILVA, A. C. ; BEZERRA, C. S. ; BARCELLOS, R. L. ; ARAUJO, M. ; Bouchonneau, Nadège ; MANSO, V.		
artigoEmPeriodico	 	2015	1875-3892	http://dx.doi.org/10.1016/j.phpro.2015.10.024	Red Luminescence in calix[4]arene-europium Hybrid Material	Physics Procedia	SOARES, A.M. ; BARROS, B.S. ; KULESZA, J. ; ALVES-JÚNIOR, S. ; CAMPOS, V.O. ; BOCHENSKA, M.		
artigoEmPeriodico	 	2015	2050-7526	http://dx.doi.org/10.1039/c5tc02641e	Ionogels thermoreversible luminescent with white light emission: an experimental and theoretical approach	J MATER CHEM C	SOUZA RAMOS, TALITA JORDANNA DE ; VIANA, RODRIGO DA SILVA ; SCHAIDHAUER, LEONARDO ; CASSOL, TANIA ; Júnior, Severino Alves		
artigoEmPeriodico	 	2015	1011-1344	http://dx.doi.org/10.1016/j.jphotobiol.2014.11.010	CdTe quantum dots conjugated to concanavalin A as potential fluorescent molecular probes for saccharides detection in Candida albicans	Journal of Photochemistry and Photobiology. B, Biology	TENÓRIO, DENISE P.L.A. ; ANDRADE, CAMILA G. ; CABRAL FILHO, PAULO E. ; SABINO, CAETANO P. ; KATO, ILKA T. ; CARVALHO, LUIZ B. ; Alves, Severino ; RIBEIRO, MARTHA S. ; FONTES, ADRIANA ; SANTOS, BEATE S.		
artigoEmPeriodico	 	2015	1980-5373	http://dx.doi.org/10.1590/1516-1439.371614	Study of the Efficiency of Polypyrrole/ZnO Nanocomposites as Additives in Anticorrosion Coatings	Materials Research	VALENÇA, DEMÉTRIUS PERRELLI ; ALVES, KLEBER GONÇALVES BEZERRA ; MELO, CELSO PINTO DE ; BOUCHONNEAU, NADÈGE		
artigoEmPeriodico	 	2015	2175-7437		Análise da rugosidade superficial por perfilometria digital 3D do esmalte bovino microabrasionado por três diferentes pontas	Full Dentistry in Science	Xavier, H. S. ; SANGLARD, L.F. ; DA SILVA, F.J. ; MENDONCA, A. ; CARDOSO, T. O.		
trabalhoCompletoEmCongresso	 	2019		THICK EPOXY CURE INDUCED EXOTHERMAL EFFECTS ON MATERIAL QUALITY : EXPERIMENTS VS PHYSICO-CHEMICAL COUPLED APPROACHES	13th International Conference on Advanced Computational Engineering and Experimenting - ACEX	JOCHUM, CHRISTIAN ; PAIVA, V. M. B. C. ; BOUCHONNEAU, N.		
trabalhoCompletoEmCongresso	 	2019	http://dx.doi.org/10.26678/abcm.cobef2019.cof2019-0590	EQUAL CHANNEL ANGULAR PRESSING AS A VIABLE MANUFACTURING PROCESS TO INCREASE HARDNESS OF COMMERCIALLY PURE ALUMINUM (AL 1050)	COBEF 2019	SOUSA, GUILHERME ; BRAGA, ERIKA ; SILVA, MOISÉS ; BEZERRA DE SANTANA, THIAGO HENRIQUE ; ABREU SANTOS, TIAGO FELIPE ; ABREU, HAMILTON		
trabalhoCompletoEmCongresso	 	2018	http://dx.doi.org/10.21452/bccm4.2018.13.01	Numerical and experimental analyses on the curing of a thick thermosetting polymer matrix	Brazilian Conference on Composite Materials	BRUÈRE, VIVIANNE M. ; Bouchonneau, Nadège ; JOCHUM, CHRISTIAN		
trabalhoCompletoEmCongresso	 	2018		ANÁLISE DOS EFEITOS DA CORROSÃO EM ELETRODO DE ATERRAMENTO ELÉTRICO COBREADO	23º CBECiMat - Congresso Brasileiro de Engenharia e Ciência dos Materiais	C FILHO, W. ; Ivanilda Ramos de Melo ; PEREIRA, R. F. C. ; VIEIRA, M.R.S ; Severino L. Urtiga Filho		
trabalhoCompletoEmCongresso	 	2018		REAPROVEITAMENTO DE RESÍDUO DE ESPUMA RÍGIDA DE POLIURETANO EM UMA MATRIZ TERMOPLÁSTICA DE POLIURETANO	III CONGRESSO DE PESQUISA	Carmo, K.M. ; Silva, M.C. ; MORELLI, CAROLINA L		
trabalhoCompletoEmCongresso	 	2018		Corrosão de pregos de aço em substâncias do cotidiano: contextualização e integração da teoria e prática aplicados à engenharia de materiais	3° Congresso Brasileiro de Engenharia e Ciência dos Materiais	Da Silva, J. J. ; SOUZA, L. V. ; Alice A. S. Vieira ; VIEIRA, M.R.S		
trabalhoCompletoEmCongresso	 	2018	http://dx.doi.org/10.22533/at.ed.2341902043	Avaliação da morfologia micronanométrica e resistência à corrosão de revestimentos super-hidrofóbicos desenvolvidos em liga de alumínio	INTERCORR	DA SILVA, RAFAEL G.C. ; Malta, M. I. C. ; ARAUJO, W. D. ; Urtiga Filho, S. L. ; MACIEL, S. H. O. ; VIEIRA, M.R.S		
trabalhoCompletoEmCongresso	 	2018	http://dx.doi.org/10.1109/sbfoton-iopc.2018.8610907	Optimizing gold nanorods dimer structure for sensing platform	2018 SBFoton International Optics and Photonics Conference (SBFoton IOPC)	FAROOQ, SAJID ; MAHMOOD, HAFIZ ZEESHAN ; RATIVA, DIEGO ; BOUCHONNEAU, NADEGE ; LINS, EMERY ; FONTANA, JAKE ; DE ARAUJO, RENATO E.		
trabalhoCompletoEmCongresso	 	2018		Desenvolvimento de uma carenagem para veículo off-road por meio de materiais recicláveis	XLVI Congresso Brasileiro de Educação em Engenharia (COBENGE) e 1º Simpósio Internacional de Educação em Engenharia	JUSTINO, P. N. A. ; VALADARES, D. S. ; LACERDA, J. C. ; Carolina Lipparelli Morelli		
trabalhoCompletoEmCongresso	 	2018		POLÍMERO MADEIRA: A INFLUÊNCIA DO PÓ DE SERRAGEM NAS PROPRIEDADES DO POLIPROPILENO	III CONGRESSO DE PESQUISA	Lage, W.C. ; Martins, A.C. ; Martuchele, I.A. ; Almeida, M.O. ; Morelli, Carolina L.		
trabalhoCompletoEmCongresso	 	2018		Metodologia para Qualificação de Procedimentos de Soldagem de Tubulações Industriais Conforme Parâmetros dos Códigos ASME B31.3 e ASME SECTION IX	XLIV Congresso Nacional de Soldagem	MACENA, V. A. ; NASCIMENTO, F. A. ; APOLINARIO, L. H. R. ; PICCHI, I. B. M. ; HERMENEGILDO, T.F.C. ; SANTOS, T.F.A.		
trabalhoCompletoEmCongresso	 	2018		Influência da temperatura na morfologia da camada de anodização da liga de alumínio 5052	23º CBECiMat - Congresso Brasileiro de Engenharia e Ciência dos Materiais	Marinho, L. A. ; C FILHO, W. ; VIEIRA, M.R.S ; URTIGA FILHO, SEVERINO LEOPOLDINO		
trabalhoCompletoEmCongresso	 	2018		Avaliação da atividade antimicrobiana e antifúngica de óleos essenciais para utilização em associação com implantes	1º Simpósio de Engenharia de Materiais do CEFET-MG	OLIVEIRA, W. S. ; CURTTS, A. F. R. ; CRUZ, C. L. ; Morelli, Carolina Lipparelli ; SILVA, S. N. ; AZEVEDO, D. M.		
trabalhoCompletoEmCongresso	 	2018		Características Geométricas e Microestruturais de Juntas Soldadas por Costura Helicoidal em Campo do Aço ASTM-A1018	XLIV Congresso Nacional de Soldagem	SILVA, A. C. S. ; MACENA, V. A. ; SILVA JR, D. C. ; PEREIRA, R. M. L. ; CARVALHO, K. K. ; HERMENEGILDO, T.F.C. ; SANTOS, T. F. A.		
trabalhoCompletoEmCongresso	 	2018		Soldagem em Campo de Tubulação com Costura Helicoidal por Arco Submerso	X Congresso Nacional de Engenharia Mecânica	SILVA, A. C. S. ; PICCHI, I. B. M. ; APOLINARIO, L. H. R. ; HERMENEGILDO, T.F.C. ; SANTOS, T.F.A.		
trabalhoCompletoEmCongresso	 	2018		Processamento e caracterização da blenda de ABS/HIPS	23º Congresso Brasileiro de Engenharia e Ciência dos Materiais	SILVA, A. M. G. ; GUERREIRO, G. G. ; BARCELOS, K. A. ; CARMO, K. M. ; JUSTINO, P. N. A. ; Tebaldi, M.L. ; Morelli, Carolina L.		
trabalhoCompletoEmCongresso	 	2018		Avaliação da morfologia micro-nanométrica e resistência à corrosão de revestimentos super-hidrofóbicos desenvolvidos em liga de alumínio 5052	Intercorr 2018	SILVA, R. G. C. ; MALTA, M. I. C. ; ARAUJO, W. D. O. ; URTIGA FILHO, S. L. ; Oliveira S. H. ; VIIEIRA, M. R. S.		
trabalhoCompletoEmCongresso	 	2018		Influência dos Tratamentos Térmicos de Solubilização e Envelhecimento Artificial na Dureza de uma Liga de Alumínio com 5,5% de Cu Produzida Via Metalurgia do Pó	Engenharia MecânicaCONEM 2018 - X Congresso Nacional de	SILVA, T. T. L. ; Gonzalez, C. H. ; ARAUJO, E. R. ; ARAÚJO FILHO, OSCAR OLIMPIO		
trabalhoCompletoEmCongresso	 	2018	http://dx.doi.org/10.3217/978-3-85125-615-4-33	A proposal for thermal computational model for API 5L-X80 steel friction stir welds based on thermocouples measurements	12th International Seminar Numerical Analysis of Weldability	SOUSA, G. G. ; MONTOYA, M. ; BOUCHONNEAU, N. S. ; HERMENEGILDO, T. F. C. ; SANTOS, T. F. A.		
trabalhoCompletoEmCongresso	 	2017		PREPARAÇÃO E CARACTERIZAÇÃO DE NANOFIBRAS DE ÁLCOOL POLIVINÍLICO/POLIANILINA-ARGILA MONTMORILONITA	14º Congresso Brasileiro de Polímeros	AGUIAR, M. F. ; COSTA JUNIOR, L. P. ; SILVA, D. B. R. S. ; ALVES, K. G. B		
trabalhoCompletoEmCongresso	 	2017		SÍNTESE E CARACTERIZAÇÃO DE NANOFIBRAS DE PVA/POLIPIRROL-ARGILA MONTMORILONITA	14 Congresso Brasileiro de Polímeros	AGUIAR, M. F. ; COSTA JUNIOR, L. P. ; SILVA, D. B. R. S. ; ALVES, K. G. B		
trabalhoCompletoEmCongresso	 	2017		NANOFIBRA MULTIFUNCIONAL DE POLIANILINA/YVO4(Er2%;Yb8%)	14 Congresso Brasileiro de Polímeros	LIMA, A. R. ; ALVES, K. G. B		
trabalhoCompletoEmCongresso	 	2017		SÍNTESE E CARACTERIZAÇÃO DE NANOFIBRAS POLIPIRROL/NANOPARTÍCULAS DE PRATA	14 Congresso Brasileiro de Polímeros	VALENCA, B. A. A. ; AGUIAR, M. F. ; SILVA, D. B. R. S. ; COSTA JUNIOR, L. P. ; ALVES, K. G. B		
trabalhoCompletoEmCongresso	 	2017	http://dx.doi.org/10.5151/1516-392x-30091	CARACTERIZAÇÃO DE UMA JUNTA SOLDADA DE AÇO INOXIDÁVEL DUPLEX PELO PROCESSO TIG NA RAIZ E ENCHIMENTO COM PROCESSO MIG-MAG	72º Congresso Anual da ABM	VICENTE, ANDRÉ DE ALBUQUERQUE ; CABRAL, DÉBORA ARRUDA ; BUENO, ALEXANDRE ; TURRA, THIAGO VIANA DE OLIVEIRA ; Santos, Tiago Felipe de Abreu ; TENÓRIO, JORGE ALBERTO SOARES		
trabalhoCompletoEmCongresso	 	2017	http://dx.doi.org/10.5151/1516-392x-30248	CARACTERIZAÇÃO MICROESTRUTURAL E ANÁLISES QUÍMICAS SEMI-QUANTITATIVAS DAS FASES FERRITA E AUSTENITA EM AÇOS INOXIDÁVEIS DUPLEX	72º Congresso Anual da ABM	VICENTE, ANDRÉ DE ALBUQUERQUE ; CABRAL, DÉBORA ARRUDA ; COLETI, JORGE LUÍS ; TELLES, VICTOR BRIDI ; Santos, Tiago Felipe de Abreu ; TENÓRIO, JORGE ALBERTO SOARES		
trabalhoCompletoEmCongresso	 	2017	http://dx.doi.org/10.5151/1516-392x-30089	CINÉTICAS DE OXIDAÇÃO E CÁLCULO DA ENERGIA DE ATIVAÇÃO APARENTE PARA FORMAÇÃO DOS ÓXIDOS EM AÇO INOXIDÁVEL AUSTENÍTICOS LAMINADO 253 MA A ALTAS TEMPERATURAS AO AR	72º Congresso Anual da ABM	VICENTE, ANDRÉ DE ALBUQUERQUE ; CABRAL, DÉBORA ARRUDA ; MARQUES, IGOR JORDÃO ; Santos, Tiago Felipe de Abreu ; ESPINOSA, DENISE CROCCE ROMANO ; TENÓRIO, JORGE ALBERTO SOARES		
trabalhoCompletoEmCongresso	 	2017	http://dx.doi.org/10.5151/1516-392x-30090	CARACTERIZAÇÃO MICROESTRUTURAL DAS CAMADAS PROTETIVAS DE ÓXIDOS FORMADOS NAS SUPERFÍCIES DE UM AÇO INOXIDÁVEL AUSTENITICO LAMINADO (253 MA®) OXIDADO A ALTAS TEMPERATURAS AO AR	72º Congresso Anual da ABM	VICENTE, ANDRÉ DE ALBUQUERQUE ; CABRAL, DÉBORA ARRUDA ; MARQUES, IGOR JORDÃO ; Santos, Tiago Felipe de Abreu ; ESPINOSA, DENISE CROCCE ROMANO ; TENÓRIO, JORGE ALBERTO SOARES		
trabalhoCompletoEmCongresso	 	2017	http://dx.doi.org/10.5151/1516-392x-30127	POROSIDADE DE KIRKENDALL EM JUNTAS SOLDADAS DISSIMILARES ENTRE LIGA FE-CR-AL E AÇO INOXIDÁVEL AISI 310 APÓS TRATAMENTO ISOTÉRMICO A 1150oC AO AR	72º Congresso Anual da ABM	VICENTE, ANDRÉ DE ALBUQUERQUE ; LIMA, GIOVANI JONAS DE ; CABRAL, DÉBORA ARRUDA ; FAGGIAN, CARLOS ALBERTO ; Santos, Tiago Felipe de Abreu ; TENÓRIO, JORGE ALBERTO SOARES		
trabalhoCompletoEmCongresso	 	2016		CORROSÃO MICROBIOLOGICAMENTE INDUZIDA DA LIGA DE ALUMÍNIO 5052 POR BACTÉRIAS REDUTORAS DE SULFATO EM ÁGUA DO MAR	Congresso Brasileiro de Engenharia e Ciência dos Materiais	ANDRADE, J. S. ; Sara H. de Oliveira ; Montoya, M. ; MELO, S. K. ; VIEIRA, M.R.S ; Urtiga Filho, S. L.		
trabalhoCompletoEmCongresso	 	2016		Obtenção de Superfície Super-hidrofóbica em liga de alumínio 5052 como proteção anticorrosiva	INTERCORR 2016	Barbosa, L. R. R. ; VIEIRA, M.R.S ; SILVA, R. F. ; Malta, M. I. C. ; ARAUJO, E. G. ; De Oiliveira Filho, O. O. ; Severino L. Urtiga Filho		
trabalhoCompletoEmCongresso	 	2016		Influência do tempo de ataque ácido da liga de alumínio 5052 para obtenção de superfícies super-hidrofóbicas	Intercorr 2016	Barbosa, L. R. R. ; VIEIRA, M.R.S ; ARAUJO, E. G. ; SILVA, R. F. ; Malta, M. I. C. ; Montoya, M. ; Severino L. Urtiga Filho		
trabalhoCompletoEmCongresso	 	2016	http://dx.doi.org/10.22533/at.ed.2341902043	Abrasômetro Roda de Borracha na Configuração Horizontal e Vertical	RIO OIL GAS 2016	FIGUEIREDO NETO, J. J. ; DA SILVA, F.J.		
trabalhoCompletoEmCongresso	 	2016		Desenvolvimento dos Compósitos Nanoestruturados Al 7075 - 2%SiC, Al 7075 ? 2%TiN, Al 7075 ? 2%ZnO Através de Moagem em Banho de Alcool Isopropílico e Extrusão a Quente	36º SENAFOR ? 6ª Conferência Internacional de Materiais e Processos para Energias Renováveis	LIRA, H. M. ; ARAUJO FILHO, O. O. ; URTIGA FILHO, S. L.		
trabalhoCompletoEmCongresso	 	2016		Cinética de Precipitação de Fases Intermetálicas Deletérias em Aço Inoxidável UNS S32205	22° Congresso Brasileiro de Engenharia e Ciência dos Materiais	MARQUES, I. J. ; SANTOS, T.F.A.		
trabalhoCompletoEmCongresso	 	2016		Análise da Corrosão do Aço API 5L X60 exposto a óleo cru e água do mar	Intercorr 2016	Marquez, M. V. C. ; De MELO, F. A. C. ; VIEIRA, M.R.S ; SILVA, T. V. C. ; Sara H. de Oliveira ; Severino L. Urtiga Filho		
trabalhoCompletoEmCongresso	 	2016		INFLUÊNCIA DA TENSÃO DE SOLDAGEM NO CÁLCULO DE TENSÕES RESIDUAIS ATRAVÉS DO MÉTODO DE DESLOCAMENTO DE PONTOS COORDENADOS (DPC) EM CHAPAS NAVAIS SOLDADAS	22º CBECiMat - Congresso Brasileiro de Engenharia e Ciência dos Materiais	MELO, L. G. T. C. ; ARAUJO FILHO, O. O. ; Ferreira, R.A.S. ; ROLIM, T. L. ; Yadava, Y. P. ; BARROS, P. S. ; MENDES, C. E.		
trabalhoCompletoEmCongresso	 	2016		INFLUÊNCIA DA VELOCIDADE DE SOLDAGEM NO CÁLCULO DE TENSÕES RESIDUAIS ATRAVÉS DO MÉTODO DE DESLOCAMENTO DE PONTOS COORDENADOS (DPC) EM CHAPAS NAVAIS SOLDADAS	22º CBECiMat - Congresso Brasileiro de Engenharia e Ciência dos Materiais	MELO, L. G. T. C. ; ARAUJO FILHO, O. O. ; Ferreira, R.A.S. ; Yadava, Y. P. ; ROLIM, T. L. ; BARROS, P. S. ; MENDES, C. E.		
trabalhoCompletoEmCongresso	 	2016		INFLUÊNCIA DO ÂNGULO DE BISEL NO CÁLCULO DE TENSÕES RESIDUAIS ATRAVÉS DO MÉTODO DE DESLOCAMENTO DE PONTOS COORDENADOS (DPC) EM CHAPAS NAVAIS SOLDADAS	22º CBECiMat - Congresso Brasileiro de Engenharia e Ciência dos Materiais	MELO, L. G. T. C. ; ARAÚJO FILHO, OSCAR OLIMPIO ; Ferreira, R.A.S. ; ROLIM, T. L. ; Yadava, Y. P. ; BARROS, P. S. ; MENDES, C. E.		
trabalhoCompletoEmCongresso	 	2016		Limpeza e Preservação de Interno de Tubulações durante a montagem através de jateamento abrasivo e utilização de inibidor de corrosão	Anais do Intercorr 2016	de Morais, F. O ; VIEIRA, M.R.S ; ARAUJO, E. G. ; Severino L. Urtiga Filho		
trabalhoCompletoEmCongresso	 	2016		REPRODUÇÃO DO EXPERIMENTO DA GOTA SALINA COM CARACTERIZAÇÃO DE MATERIAIS: UMA VISÃO INTERDISCIPLINAR	Congresso Brasileiro de Engenharia e Ciência dos Materiais	MOREIRA, C. V. C. ; VIEIRA, M.R.S		
trabalhoCompletoEmCongresso	 	2016		Caracterização eletroquímica da corrosão influenciada pelos micro-organismos no aço API 5L X80 em água produzida	Intercorr 2016	OLIVIERA, E. S. D. ; PEREIRA, R. F. C. ; Silva, Diogo Lins Alves e ; SILVA., A. R. D. ; Andrade Lima M. A. G ; URTIGA FILHO, S. L.		
trabalhoCompletoEmCongresso	 	2016		VIABILIDADE DE IMPLANTAÇÃO DO PROCESSO MIG/MAG EM CURTO-CIRCUITO CONTROLADO PARA PASSES DE RAIZ NA SOLDAGEM DE SPOOLS DE AÇO CARBONO	22º CBECiMat - Congresso Brasileiro de Engenharia e Ciência dos Materiais	PEREIRA, D. H. M. ; PEREIRA, D. H. M. ; ARAUJO FILHO, O. O. ; LIMA, R. R. A.		
trabalhoCompletoEmCongresso	 	2016		ESTUDO DA INFLUÊNCIA DA PURGA PARA TUBULAÇÕES EM AÇO INOXIDÁVEL AUSTENÍTICO SOLDADOS PELO PROCESSO GTAW	22º CBECiMat - Congresso Brasileiro de Engenharia e Ciência dos Materiais	PEREIRA, D. H. M. ; PEREIRA, D. H. M. ; ARAUJO FILHO, O. O. ; LIMA, R. R. A.		
trabalhoCompletoEmCongresso	 	2016		Avaliação da resistência à corrosão de juntas soldadas de aços inoxidáveis superduplex em meio contendo cloretos variando o pH e a temperatura de ensaio	22° Congresso Brasileiro de Engenharia e Ciência dos Materiais	SANTA CRUZ, L. A. ; SILVA, D. L. A. ; URTIGA FILHO, S. L. ; SANTOS, T.F.A.		
trabalhoCompletoEmCongresso	 	2016		Obtenção de superfícies super-hidrofóbicas em ligas de aluminio 5052 visando o aumento da resistência à corrosão	Intercorr 2016	SILVA, R. F. ; VIIEIRA, M. R. S. ; ARAUJO, E. G. ; BARBOSA, L. R. R. ; ARAUJO FILHO, O. O. ; URTIGA FILHO, S. L.		
trabalhoCompletoEmCongresso	 	2016		Estudo da corrosão em juntas de solda do aço API 5-L X80 em ambiente marinho	Intercorr 2016	VASCONCELOS, E. S. L. ; Andrade Lima M. A. G ; SILVA, P. ; Oliveira S. H. ; URTIGA FILHO, S. L.		
trabalhoCompletoEmCongresso	 	2015		Análise de Influência da Utilização de Propriedades Termodependentes na Simulação de Juntas Soldadas	COMSOL Conference 2015	CRUZ, A. ; BOUCHONNEAU, N.		
trabalhoCompletoEmCongresso	 	2015		Influência da Posição e dos Parâmetros de Soldagem TIG Orbital Aplicada a Tubulações de Grande Diâmetro e Parede Espessa em Aço Baixo Carbono nas Características Geométricas dos Cordões	XLI Congresso Nacional de Soldagem (XLI CONSODLA)	FEGUEIROA, D. W. ; PIGOZZO, I. O. ; SILVA, R. H. G. E. ; Santos, T. F. A. ; URTIGA FILHO, S. L.		
trabalhoCompletoEmCongresso	 	2015		ENDURECIMENTO SECUNDÁRIO DO AÇO RÁPIDO AISI M3:2 NOME COMERCIAL SINTER 23 PRODUZIDO POR UMA TÉCNICA DE METALURGIA DO PÓ	70o Congresso Anual da ABM	FERREIRA, A. C. P. ; SANTOS, E. N. ; MESQUITA, A. P. P. ; ARAUJO, E. G. ; Gonzalez, C. H. ; AMBROZIO FILHO, F. ; ARAÚJO FILHO, OSCAR OLIMPIO		
trabalhoCompletoEmCongresso	 	2015		Influência da Posição e dos Parâmetros de Soldagem TIG Orbital Aplicada a Tubulações de Grande Diâmetro e Parede Espessa em Aço Baixo Carbono nas Características Geométricas dos Cordões	XLI Congresso Nacional de Soldagem	FIGUEIROA, D. W. ; PIGOZZO, I. O. ; SILVA, R. H. G. ; SANTOS, T. F. A. ; URTIGA FILHO, S. L.		
trabalhoCompletoEmCongresso	 	2015		BIOCORROSÃO EM CUPONS DE AÇO CARBONO AISI 1020 EXPOSTOS À ÁGUA DO MAR E ÓLEO DIESEL S10/BIODIESEL B6	13ª Conferência sobre Tecnologia de Equipamentos	França F. P. ; Oliveira S. H. ; URTIGA FILHO, S. L. ; Andrade Lima M. A. G		
trabalhoCompletoEmCongresso	 	2015		Influência de um filme de nióbio sobre o comportamento de sulfetação isotérmica a 500 e a 700 C da liga Fe-20Cr	13 Conferência sobre tecnologia de equipamentos e 35 Congresso Brasileiro de Corrosão	GERIBOLA, G. A. ; SILVA JUNIOR, O. P. V. ; SHEIDT, G. ; ARAUJO, E. G. ; PILLIS, M. F.		
trabalhoCompletoEmCongresso	 	2015		CHANGES IN THE THERMOELASTIC PROPERTIES CAUSED BY METAL FORMING PROCESSES IN Ni-Ti SHAPE MEMORY ALLOY	23rd ABCM International Congress of Mechanical Engineering December 6-11	Gonzalez, C. H. ; OLIVEIRA, C. A. N. ; Silva, N. J. ; ARAUJO FILHO, O. O. ; ARAUJO, C. J. ; SILVA, K. C. A. ; SILVA, L. C. S.		
trabalhoCompletoEmCongresso	 	2015		Efeito dos Processos de Conformação Plástica nas Propriedades Termoelásticas numa Liga de NiTi com Memória de Forma	70o. Congresso Anual da ABM	Gonzalez, C. H. ; Silva, N. J. ; OLIVEIRA, C. A. N. ; ARAÚJO FILHO, OSCAR OLIMPIO ; URTIGA FILHO, S. L. ; SILVA, L. C. S. ; ARAUJO, C. J.		
trabalhoCompletoEmCongresso	 	2015		FABRICAÇÃO DE COMPÓSITOS DE MATRIZ METÁLICA DA LIGA DE ALUMÍNIO AA1100 COM REFORÇO CERÂMICO DE ÓXIDO DE ZINCO ATRAVÉS DE TÉCNICAS DE METALURGIA DO PÓ	70o. Congresso Anual da ABM	LINS, A. E. P. ; SANTOS, E. N. ; MESQUITA, A. P. P. ; ARAUJO, E. G. ; FERNANDES, L. S. ; ARAÚJO FILHO, OSCAR OLIMPIO		
trabalhoCompletoEmCongresso	 	2015		INFLUENCE OF WELDING PARAMETERS IN CALCULATION OF RESIDUAL STRESS BY USING DCP METHOD IN NAVAL WELDED SHEETS	23rd ABCM International Congress of Mechanical Engineering December 6-11	MELO, L. G. T. C. ; Ferreira, R.A.S. ; MENDES, C. E. ; ARAUJO FILHO, O. O. ; ROLIM, T. L. ; BARROS, P. S. ; GONCALVES, I. L. ; PINA, E. A. C.		
trabalhoCompletoEmCongresso	 	2015		Influence of Welding Parameters in Calculation of Residual Stress by Using DCP Method in Naval Welded Sheets	23rd ABCM International Congress of Mechanical Engineering - COBEM	MELO, L. G. T. C. ; MENDES, C. E. ; PINA, E. A. C. ; ARAUJO FILHO, O. O. ; Ferreira, R.A.S. ; BARROS, P. S.		
trabalhoCompletoEmCongresso	 	2015		CONCENTRAÇÃO MÍNIMA INIBITÓRIA DE AGENTES QUÍMICOS NO CONTROLE DE MICRO-ORGANISMOS AERÓBIOS HETEROTRÓFICOS EM ÁGUA SALINA	13ª Conferência sobre Tecnologia de Equipamentos	Sara H. de Oliveira ; Pulcra Silva ; VIEIRA, M.R.S ; Maria Alice G. de A. Lima ; Urtiga Filho, S. L.		
trabalhoCompletoEmCongresso	 	2015		DEVELOPMENT OF A DEVICE TO STUDY FUNCTIONAL FATIGUE ON TI-NI SHAPE MEMORY ALLOY	23rd ABCM International Congress of Mechanical Engineering December 6-11	OLIVEIRA, C. A. N. ; SILVA, K. C. A. ; ARAUJO FILHO, O. O. ; PINA, E. A. C. ; Gonzalez, C. H. ; ROCHA, J. O. S.		
trabalhoCompletoEmCongresso	 	2015		A NEW PROCEDURE FOR AUTOMATIC DATA FILTERING, MESH GENERATION AND FE ANALYSIS OF REAL COMPLEX CORROSION DEFECTS IN PIPELINES	Rio Pipeline 2015	PIMENTEL, J. ; Bouchonneau, Nadège ; MOTTA, R. ; Bastos, S. M. ; WILLMERSDORF, R. ; LYRA, P. ; ANDRADE, E.		
trabalhoCompletoEmCongresso	 	2015		Soldagem por atrito com pino não consumível de aços inoxidáveis duplex	XLI Congresso Nacional de Soldagem	SANTOS, T. F. A.; FONSECA, E. B. ; TORRES, E.A. ; RAMIREZ, A.J.		
trabalhoCompletoEmCongresso	 	2015		Desenvolvimento de Dispositivo para Avaliar a Fadiga Funcional de ligas de Ti-Ni com Memória de Formai	70o. Congresso Anual da ABM	SILVA, K. C. A. ; OLIVEIRA, C. A. N. ; ROCHA, J. O. S. ; Gonzalez, C. H. ; ARAÚJO FILHO, OSCAR OLIMPIO ; ROLIM, T. L. ; SILVA, F. H. S.		
resumoExpandidoEmCongresso	 	2018	Fabricação e avaliação da propriedade de autolimpeza de revestimentos super-hidrofóbicos desenvolvidos em liga de alumínio 5052	VI Encontro da Rede de Cooperação em Pesquisa, Desenvolvimento e Inovação em Materiais e Equipamentos para o setor industrial Brasileiro, 2018, João Pessoa/PB. VI Encontro Rede PDIMat	ARAUJO, W. D. ; DA SILVA, RAFAEL G.C. ; VIEIRA, M.R.S ; URTIGA FILHO, SEVERINO LEOPOLDINO		
resumoExpandidoEmCongresso	 	2017	Estudo do Aumento de Dureza se Uma Liga de Alumínio com 5,5% de Cobre Produzida Via Metalurgia do Pó	II Mostra de Engenharia de Materiais da UFPE, 2017, Recife. II Mostra de Engenharia de Materiais da UFPE. Recife: Editora UFPE	Araújo, E.R. ; Gonzalez, C. H. ; ARAÚJO FILHO, OSCAR OLIMPIO ; SILVA, T. T. L.		
resumoExpandidoEmCongresso	 	2017	HIDROGÉIS DE GELATINA METACRILATO INCORPORADOS COM NANOCRISTAIS DE CELULOSE PARA BIOFABRICAÇÃO 3D	14º Congresso Brasileiro de Polímeros, 2017, Águas de Lindóia - SP. 14º Congresso Brasileiro de Polímeros	BELLANI, C. F. ; Morelli, Carolina L. ; KHADEMHOSSEINI, A. ; BRANCIFORTI, MÁRCIA C.		
resumoExpandidoEmCongresso	 	2017	Síntese eletroquímica da MOF Cu-BDC e seu potencial como carreador de fármaco	II Mostra de Engenharia de Materiais da UFPE, 2018, Recife. Anais da II Mostra de Engenharia de Materiais da UFPE. Recife: Even3	FONSECA, J. D. S. ; Joanna Elzbieta Kulesza ; Barros, B. S. ; MONTEIRO, A. F. F.		
resumoExpandidoEmCongresso	 	2017	Caracterização do desgaste e mecanismos de desgaste em pastilhas de freios utilizadas por veículos Mini Baja SAE em campo	II Mostra de Engenharia de Materiais da UFPE, 2017, Recife. II Mostra de Engenharia de Materiais da UFPE	FRANCA, T. S. ; DA SILVA, F.J.		
resumoExpandidoEmCongresso	 	2017	Redes metalorgânicas à base de titânio (Ti-MOFs): um desafio inovador	II Mostra de Engenharia de Materiais da UFPE, 2017, Recife. Anais da II Mostra de Engenharia de Materiais da UFPE,. Recife	MOREIRA, C. V. C. ; BARROS, B.S.		
resumoExpandidoEmCongresso	 	2017	Luminescence processes in lower-rim substituted calix[4]arene-based hubrid materials	18th International Conference on Luminescence - ICL, 2017, João Pessoa. Program Book of ICL 2017	NASCIMENTO, J. F. S. ; LINS, I. M. S. ; OLIVEIRA, M. A. ; Barros, B S ; Kulesza, J.		
resumoExpandidoEmCongresso	 	2017	Gd-MOFs doped with Eu3+: synthesis, structure and photophysical properties	18th International Conference on Luminescence, 2017, João Pessoa. Program Bookf of ICL 2017	NASCIMENTO, J. F. S. ; OLIVEIRA, J. B. L. ; KULESZA, JOANNA ; ALVES JÚNIOR, Severino ; Barros, B S		
resumoExpandidoEmCongresso	 	2017	Síntese e caracterização de polímero de coordenação à base de calix[4]areno modificado e sua utilização na adsorção de BTEX	II Mostra de Engenharia de Materiais da UFPE, 2018, Recife. Anais da II Mostra de Engenharia de Materiais da UFPE.. Recife: Even3	OLIVEIRA, M. A. ; Joanna Elzbieta Kulesza ; FROS., A. C. O. ; Barros, B. S.		
resumoExpandidoEmCongresso	 	2017	Abrasão dos aços AISI D2 e H13 em um abrasômetro do tipo roda de borracha configuração vertical com areia da areia NBR 7412 N100	II Mostra de Engenharia de Materiais da UFPE, 2017, Recife. II Mostra de Engenharia de Materiais da UFPE	SANTOS, M. V. ; DA SILVA, F.J.		
resumoExpandidoEmCongresso	 	2015	Degradation of carbon steel AISI 1020 coupons immersed in blends containing 90% Diesel B6 and 10% Seawater, and 90% Diesel B30 and 10% Seawater	VI International Conference on Environmental, Industrial and Applied Microbiology - BioMicroWorld2015, 2015, Barcelona. Proceedings of the VI International Conference on Environmental, Industrial and Applied Microbiology - BioMicroWorld 2015	FERREIRA, F. G. D. ; Oliveira S. H. ; SILVA, P. ; Andrade Lima M. A. G ; URTIGA FILHO, S. L.		
resumoExpandidoEmCongresso	 	2015	Magnetic and Fluorescent Polystyrene/tetraphenylporphyrin/maghemite nanocomposites for the photoinactivation of pathogenic bacteria	XIV Brazilian MRS Meeting, 2015, Rio de Janeiro. XIV Brazilian MRS Meeting	Juan C. M. Llamas ; GUAJARDO, A. E. C. ; MAQUEIRA, L. E. ; ALCARAZ-ESPINOZA, J. J. ; ARAÚJO, TIAGO L. ; VINHAS, G. M. ; RODRIGUES, A. R. ; ALVES, K. G. B ; de MELO, C. P.		
